"W1","W2","W3","A","Y"
-0.67,-0.3,-0.66,0,-2.72506574938542
0.43,-0.35,-0.07,0,0.01142924211066
-0.08,0.39,-0.58,0,0.525441176683056
0.28,-0.5,0.54,1,-2.51369770262935
-0.09,0.24,-0.15,1,0.867151417239322
0.89,0.15,0.6,0,1.15105589215757
0.77,0.93,0.94,1,0.401480748300279
0.56,0.77,0.73,1,-0.594746557098665
-0.9,0.89,0.52,1,-2.45087598884197
0.28,0.67,-0.51,1,-1.66434450908797
-0.7,-0.28,0.67,1,-2.94847995048224
-0.15,0.42,-0.26,0,-1.5163864448597
-0.92,-0.73,-0.1,1,-2.05913919332351
-0.23,-0.82,-0.08,0,-1.09954118272373
0.39,0.38,-0.84,1,1.66704116489946
0.48,-0.68,-0.19,1,0.617541558075245
-0.34,-0.83,0.52,1,-0.903702825762779
-0.27,-0.31,0.41,1,-2.77797190251806
-0.93,0.42,-0.16,0,-2.10517168026894
0.82,0.9,-0.13,1,2.96904992619687
-0.59,-0.37,0.21,1,-2.10188040726938
0.8,-0.92,-0.99,0,-0.947685896690943
-0.68,0.78,0.67,1,-2.35183512308192
0.41,0.45,0.41,1,1.2316064353808
0.23,0.68,0.51,0,-0.470720246937475
0.78,0.08,-0.03,1,-0.265451236284757
0.42,0.89,-0.96,1,0.224331731152039
0.73,0.44,-0.44,0,-0.705655722963879
-0.8,-0.4,-0.97,0,-1.80613830036418
-0.01,-0.48,-0.8,0,-1.92594860116839
0.69,0.96,0.91,0,2.04529754620026
-0.05,0.29,0.59,1,0.239990082259574
0.36,-0.54,-0.74,0,-1.34144003751251
-0.75,0.84,-0.75,0,-1.55625806059476
0.18,-0.78,-0.68,0,-2.5430934690787
-0.4,0.62,0.81,0,-1.51461926209419
0.21,0.09,-0.74,1,-2.00621285396968
0.89,-0.92,-0.6,0,-1.59099319210003
0.33,0.36,-0.45,1,0.516219384012076
0.5,-0.99,-0.89,0,-1.22789754040611
0.67,0.79,-0.49,0,1.86749626528713
-0.6,0.39,-0.51,1,-1.78921873392589
-0.4,0.39,-0.5,1,-1.27294064398882
-0.78,-0.3,-0.46,1,-3.18967951825261
0.04,-0.56,-0.67,0,-1.93534007629566
0.94,0.65,-0.3,1,-0.632531312246996
0.99,0.63,0.85,1,-0.281286820063177
-0.39,-0.94,0.27,1,-2.35786133295426
-0.72,-0.62,0.66,0,-1.85582811898736
-0.09,-0.28,-0.52,1,-2.41013720799539
0.23,0.75,0.49,1,-2.43903125680195
0.64,-0.03,0.08,0,-0.433075924689333
-0.85,0.3,-0.43,1,-1.91183310813163
-0.57,0.18,-0.55,1,-1.54013495702599
0.17,0.24,-0.36,0,-0.480309523556819
0.86,-0.91,-0.69,0,0.261055818994517
0.67,-0.61,-0.36,1,2.37724146256375
0.76,-0.04,0.64,1,-0.21004331110855
-0.98,-0.48,-0.03,1,-0.738423604707008
-0.23,0.8,-0.78,1,-2.78786506398956
-0.44,0.72,-0.38,1,-1.23969878639588
-0.93,-0.17,-0.46,0,0.895991070717856
0.98,0.33,0.84,0,0.862239610196162
-0.48,-0.55,0.7,1,-1.64561658528701
-0.56,-0.38,-0.69,0,-1.46460475571097
-0.63,0.4,-0.05,1,1.1048697004359
-0.85,0.19,0.15,1,-1.84383125086266
0.59,0.77,-0.14,1,1.10371247810878
0.35,0.86,0.53,1,1.17305154800657
-0.86,0.73,0.45,1,-1.94564190411066
-0.53,-0.32,0.01,1,-2.34993421402406
0.49,0.7,-0.55,0,-0.280468738161428
0.86,-0.91,0.99,0,-0.164523932873933
0.02,0.61,-0.98,1,-0.448137422245542
0.72,0.46,-0.14,1,3.0869607484958
-0.81,0.37,0.56,0,-1.11039841246697
0.58,0.04,-0.85,1,-1.00701105953664
0.43,0.03,0.81,1,-0.13320046252443
-0.85,-0.53,-0.58,0,-1.53073823783215
0.99,0.06,0.46,0,0.340940885038801
0.28,-0.51,0.68,0,-0.448789957664294
0.51,0.15,-0.18,1,0.925022917520407
0.3,0.08,0.82,0,-1.28630188587669
0.2,0.92,0.56,0,0.154212829585967
-0.96,-0.04,-0.31,1,-1.45145763004297
0.54,-0.95,0.09,0,0.289608711668253
0.47,0.07,-0.87,1,0.954776642656174
-0.44,0.22,0.74,1,-0.248444724718934
0.24,-0.17,0.84,0,-0.284593770478477
0.5,0.6,0.33,1,-1.13331313189499
-0.71,0.44,0.04,1,-1.01803426605865
-0.6,-0.61,0.59,1,-0.635380009255477
-0.17,-0.65,-0.05,0,0.695964007240075
-0.47,-0.67,-0.64,0,-0.495486747636551
0.96,-0.58,-0.69,0,-0.53258344300146
-0.04,-0.98,-0.6,1,-0.749116469435946
0.57,0.93,-0.01,1,-0.74338733509892
0.09,-0.32,0.49,0,0.455203626952291
-0.8,0.73,0.34,0,0.139916753376122
0.09,-0.88,-0.08,0,1.24711710537568
0.07,-0.37,0.74,1,-0.672445093046426
-0.37,0.53,0.54,1,-1.29009978811508
0.92,-0.77,0.18,0,0.154993493704461
0.67,-0.35,0.05,0,-0.492477782393866
0.03,-1,0.24,1,-1.70899858712934
-0.37,0.08,-0.94,1,-0.648257046145301
-0.39,0.65,0.81,1,-2.22228162061971
0.1,-0.6,0.99,1,0.40297063994823
0.76,0.14,-0.49,1,1.68848150379064
-0.21,-0.02,-0.43,0,-0.901105116871134
-0.36,0.29,-0.51,0,-1.06393461871625
-0.72,0.04,-0.95,1,-2.24537986444091
-0.18,0.14,-0.41,1,-1.16225398862294
-0.45,0.95,0.94,1,0.122257208280111
0.61,-0.06,0.1,1,0.0692379733913461
-0.02,0.22,-0.85,0,0.166140617306835
0.92,0.72,0.17,1,-0.935575102072916
0.65,0.97,-0.51,0,0.651026413766175
-0.59,0.34,0.1,1,0.332494232449694
0.62,0.88,0.29,1,0.246176517622785
-0.18,0.55,0.87,1,-0.734409162930971
-0.18,-0.6,-0.2,0,-1.82190664669988
-0.06,0,0,0,1.49816198776349
-0.12,-0.68,0.67,1,0.836328505621851
0.63,0.56,0.34,0,2.33620830237829
-0.62,-0.79,-0.62,0,-1.62094035890801
0.88,0.27,0.26,0,-0.0384092989663658
-0.69,0.61,-0.42,0,-2.52428812003373
0.91,0.16,-0.03,0,-0.155099831085051
-0.46,-0.43,-0.88,0,-1.21269846750284
-0.18,0.28,0.5,1,1.51597759819444
-0.49,-0.9,-0.47,0,-1.32824986493366
0.65,0.58,0.01,0,-0.728948312841121
0.35,-0.99,0.01,0,0.0267143285250335
-0.62,-0.75,0.92,0,-2.86910093484436
0.95,0.49,-0.24,1,0.794938271337413
-0.41,-0.94,-0.5,0,-1.84611832883308
-0.77,0.13,-0.96,0,-3.44124604732137
-0.77,0.45,0.45,1,-0.0659254832341473
0.94,-0.3,-0.78,0,-0.566871594878875
-0.73,-0.25,0.71,0,-1.47603664999746
0.77,0.9,-0.08,0,2.09114789252962
0.45,-0.93,-0.44,0,-0.0103255889610501
-0.98,-0.35,-0.96,1,-3.35044869136533
0.54,0.42,-0.4,0,0.643762778404674
0.36,-0.81,0.88,0,0.118271807273958
0.17,-0.48,0.52,0,1.2488564474304
0.3,-0.51,0.22,0,-0.113106596414517
-0.55,0.56,-0.08,1,-0.930851929476991
0.56,0.26,0.31,1,1.90857870345208
0.23,0.29,-0.56,1,0.413345513632318
-0.71,-0.86,0.76,1,-0.898867294114973
-0.77,0.57,0.8,1,0.0829653535566555
-0.21,0.35,-0.79,0,-1.64759247418957
-0.92,-0.94,-0.82,0,-2.01424000135895
-0.75,0.89,-0.67,0,0.356130660844982
-0.38,-0.77,-0.27,0,-1.58062108692271
0.94,0,0.79,1,0.0936171920569138
-0.32,0.68,0.19,0,-1.29278360563591
0.63,0.07,0.1,1,0.545652261918018
-0.66,-0.17,-0.96,0,-2.38035007312957
0.15,-0.22,-0.31,0,-0.813639392099399
-0.95,0.95,0.54,1,-2.01143670071684
0.35,0.53,-0.53,0,-0.227050797719434
-0.33,-0.14,0.49,0,-0.345943902119422
-0.14,-0.48,0.34,0,-0.153366871797853
0.41,-0.96,0.39,0,1.22520574370471
-0.36,0.75,0,0,-0.553693653564991
0.57,0.52,-0.6,0,-0.170839912658177
0.08,-0.8,-0.11,0,0.618005717048905
0.89,-0.57,0.74,1,2.90210868939217
-0.55,0.28,0.47,1,-0.0184687117137824
0.03,0.91,0.43,0,-0.218657319133519
0.15,0.41,0.12,1,-1.3204086225841
0.98,0.93,0.46,0,2.49426239874678
-0.39,0.36,-0.5,1,-1.12206919130107
0.35,0.84,0.89,0,-0.586762794395316
-0.04,-0.51,0.65,0,2.44376588609529
-0.12,0.22,-0.14,0,-0.316978691749329
-0.91,-0.54,-0.81,0,-1.95625861011331
-0.95,-0.51,0.92,0,-4.1612195229558
0.25,-0.38,-0.53,1,-1.25833769437059
0.98,0.02,-0.23,1,2.0123649684867
-0.99,0.51,-0.6,0,-1.0011310845489
0.84,-0.43,0.64,0,1.22932216161011
0.76,-0.82,-0.92,0,1.55773220068439
0.47,-0.52,0.36,1,1.34744174757793
0.74,-0.08,-0.58,1,-0.594490689516935
0.74,-0.81,-0.07,1,1.81795666435376
-0.59,0.18,0.77,1,-0.357589221356059
0.7,0.15,-0.35,1,0.790946205490085
0.46,0.82,-0.11,1,-3.19358570748525
0.61,0.66,-0.19,1,-0.945974777765776
-0.31,-0.32,0.72,1,-1.32601241730233
0.65,0.21,-0.68,0,2.21903253951933
0.41,0.47,-0.59,0,0.468694614280786
0.71,-0.51,0.21,0,0.63821020366732
-0.77,-0.57,0.9,0,-2.25090321013358
-0.51,0.29,0.34,1,0.113237869246896
-0.7,-0.68,-0.64,1,-3.25541048942136
-0.21,0.53,0.96,0,0.328226820569252
0.38,0.03,0.54,0,0.753768778564913
0.09,0.2,-0.55,0,-0.289486084416943
-0.71,-0.07,-0.6,1,-1.50504577602061
-0.61,0.58,-0.04,1,-1.30707264544036
-0.11,-0.36,-0.76,1,-1.08305088080795
0.97,-0.87,-0.65,0,1.68246362620766
0.97,0.07,0.95,0,1.9023628412626
-0.81,-0.05,-0.53,1,-2.1753530368735
0.13,-0.03,-0.13,0,-1.53844896479736
0.11,-0.48,-0.56,0,-0.379942177614917
-0.78,-0.03,0.76,0,-1.46723523734316
-0.57,0.42,-0.23,1,0.761246776719196
0.35,0.76,-0.3,1,-2.29010766827799
0.07,0.84,0.97,0,-0.134751788401515
0.54,0.23,-0.81,1,1.5961230745319
0.13,0.39,0.69,1,0.582687453213713
-0.57,-0.17,0.11,1,-2.88945779530808
-0.04,0.49,0.58,1,-0.382930549437401
0.51,0.85,0.07,1,0.531519105509524
-1,-0.4,-0.58,1,-2.06661327201693
-0.06,0.91,0.62,1,0.175385836841409
-0.99,0.53,0.94,0,1.33048352044748
0.32,-0.85,-0.62,1,1.35151456700734
0.53,-0.22,0.96,1,-0.221577522414902
-0.4,0.49,0.98,0,-1.02077009382131
-0.63,-0.4,-0.6,1,0.506354878425143
-0.94,0.31,-0.26,1,-0.225808013673421
0.08,0.05,0.16,1,-0.68230334976106
-0.11,-0.28,0.22,0,-0.497507916919029
0.58,-0.35,0.2,0,-0.359393300483657
0.6,-0.55,0.58,1,0.333312776149141
-0.13,0.97,-0.97,1,-1.62188465517559
-0.74,0.71,-0.97,0,-1.05915465501392
-0.53,0.33,0.62,1,0.25146691869198
0.01,0.22,0.05,0,-1.44254212275943
-0.18,-0.53,-0.6,1,-4.26077081833741
-0.27,0.74,-0.95,1,-2.07290138108281
0.89,-0.27,0.59,1,-0.085596870992998
0.2,-0.61,0.55,0,0.154273774110513
0.88,0.87,0.38,0,0.988135168178797
-0.08,0.14,0.34,1,0.735912137512835
0.95,-0.69,0.32,0,-0.896772174570421
-0.4,-0.72,0.04,0,-0.53682474272956
0.87,-0.77,0.49,0,0.850888729854143
-0.1,-0.03,-0.13,1,-0.639730245556757
-0.89,0.31,0.57,0,0.293274436151774
-0.91,0.09,-0.55,1,-1.0447047337424
-0.94,0.71,0.28,0,-0.736635730162061
0.13,-0.54,0.31,0,-0.278956095856303
0.05,-0.95,-0.62,0,-0.674069422960517
-0.78,-0.65,-0.88,0,-0.808876094512636
-0.14,0.15,-0.62,1,0.440207390903663
0.97,0.15,0.43,0,1.33719861568706
-0.86,0.97,-0.62,1,-2.81475486857656
-0.34,0.97,-0.67,1,-1.28387883167784
-0.95,0.27,-0.21,0,0.0989695897924703
0.78,-0.96,0.6,0,-1.24390375051376
0.79,0.62,0.16,1,0.616521281467417
0.68,-0.21,-0.36,1,-0.256580355695114
0.91,0.03,-0.41,0,1.27780332180945
-0.7,0.04,-0.7,0,-1.73887673653991
0.21,-0.48,0.6,0,-0.191374560508738
0.98,-0.09,-0.16,0,-1.37625506654115
0.14,-0.73,-0.14,1,0.633710748414383
0.35,-0.63,0.22,0,-1.06556502955927
-0.1,-0.49,-0.94,1,-1.47843714385696
-0.36,-0.87,-0.46,0,-2.62076528245719
-0.38,-0.83,0.94,0,-0.628064678231422
-0.45,0.89,-0.22,1,-0.76684447409421
-0.84,-0.02,0.82,1,-1.95394712302204
-0.19,-0.51,0.36,0,0.988011064086296
-0.16,-0.64,0.93,1,0.660072613343377
0.41,-0.84,0.32,0,0.534632573255153
-0.71,0.26,0.67,1,1.81342973009918
-0.06,0.98,-0.31,1,-0.96944684280184
0.15,-0.47,-0.92,1,-0.164762041739432
-0.74,0.31,0.05,1,0.476357099842814
0.52,-0.46,-0.04,0,-0.2281707960907
-0.99,0.93,-0.87,0,-0.966947642068088
-0.23,0.58,0.42,1,-1.92257557684356
0.09,0.27,-0.46,0,0.0571675477263889
0.86,0.51,0.34,0,0.0160296683709025
-0.76,0.6,0.09,1,-1.08710238976598
0.91,0.98,0.53,1,0.577235982442923
-0.05,0.44,-0.23,0,-0.0796025129005398
0.78,0.05,0.42,1,0.283494341211323
0.07,-0.91,0.7,0,-0.920763179128733
-0.84,-0.93,-0.94,0,-3.63985901110546
0.86,0.18,0.88,0,0.842434032925753
-0.88,-0.67,-0.05,1,-0.308249930551269
-0.19,0.24,0.07,1,0.537274251495463
0.06,0.48,-0.25,1,-1.88589597986615
-0.09,0.26,-0.18,0,-1.13453369661594
0.13,-0.1,0.08,0,1.26004303699874
0.6,0.41,0.06,1,2.96863218056287
0.5,0.66,-0.86,0,-1.10303676801214
-0.66,-0.87,0.07,0,-1.94070325882764
-0.86,0.67,-0.15,1,-2.02268123111658
-0.28,-0.71,0.33,1,0.111739381996528
-0.22,0.97,0.48,1,-0.968338303605126
0.02,0.05,-0.35,1,-1.19426170757196
0.27,0.22,-0.5,0,-0.449428586945621
-0.33,0.69,-0.1,1,-0.599968270943948
-0.9,-0.06,-0.47,1,-2.36549793776327
0.95,-0.24,-0.16,0,-0.367028219583901
0.15,-0.39,0.32,0,-0.953374222048191
-0.15,-0.58,-0.78,1,0.847145169560078
0.94,0.09,0.66,0,0.236040188744337
0.99,0.58,-0.4,0,1.42317676111331
-0.87,0.33,-0.66,0,0.0687186861857989
0.89,0.77,-0.18,1,0.617550202372938
0.82,0.88,0.76,1,0.291731024001122
0.16,0.9,-0.57,1,-0.608786878498547
0.71,0.43,-0.01,1,0.710499323337185
-0.02,-0.07,0.98,0,0.966717117312751
0.71,-0.82,0.91,0,-0.0765535652443922
0.36,-0.26,0.03,0,1.28898338398246
0.85,-0.77,0.97,0,-0.305612535381314
-0.17,-0.69,0.67,1,-0.61634076474411
0.02,-0.88,0.76,1,0.145679264979116
0.9,0.12,-0.01,0,0.481188647991051
0.16,0.71,0.15,0,-0.444451524580869
-0.65,-0.96,0.58,0,-3.03739680993034
-0.68,-0.84,0.3,0,-1.47993357874458
0.68,-0.58,-0.53,1,-0.163823024968986
0.4,-0.44,-0.74,1,0.372486402791441
-0.71,-0.2,0.53,1,-3.40974197123445
0.8,-0.77,0.78,0,1.27548272900916
0.94,0.36,-0.67,1,1.01047022539667
0.15,0.77,0.92,1,-0.313644622907752
-0.41,-0.49,-0.6,0,-0.436297275597263
0.76,0.88,-0.18,1,-0.177289462720563
-0.25,-0.6,0.54,0,-0.333561447654875
0.79,0.56,0.13,0,0.521026328815987
-0.15,-0.71,-0.18,0,-2.19421292940752
-0.8,-0.65,-0.36,0,-2.0030796109999
-0.05,0.72,0.75,1,0.647502626806247
0.26,-0.24,-0.61,0,-0.75713117369664
0.48,0.66,0.03,1,-1.10311038842697
-0.37,0.2,0.8,1,0.182033592213546
0.67,-0.37,-0.91,1,-0.351827017563542
-0.13,0.15,-0.84,1,0.892341609032347
-0.61,-0.59,0.5,0,-0.111040122207559
-0.13,-0.76,0.74,0,-0.687477601624937
0.79,-0.29,0.54,1,0.897992084528752
-0.74,-0.18,-0.81,1,-3.61208700026517
-0.7,0.18,0.27,0,-3.3735134046903
0.65,0.8,-0.18,1,-0.601739941824689
0.03,-0.13,0.66,0,-0.85285548950739
-0.64,-0.71,-0.33,0,-3.91003615150256
0.98,-0.08,-0.06,0,0.984471756969533
0.37,0.57,-0.49,1,-1.01655443098745
0.96,0.59,-0.57,0,0.357946013771835
-0.93,-0.29,0.2,0,-3.10210298765404
0.02,-0.47,0.63,0,0.0215242018683158
-0.29,0.17,-0.2,1,1.85753369739934
-0.64,0.4,0.44,0,-1.68607711022404
-0.17,0.45,0.66,0,-0.359558911044787
-0.42,0.56,0.54,1,0.892588512291313
-0.49,0.11,0.62,1,0.577240321956417
0.65,0.85,-0.95,0,2.20305942169705
-0.14,0.88,0.91,1,-0.686781163860629
-0.2,0.83,0.55,0,-0.272260048921635
0.7,-0.85,0.76,0,-0.506631657179118
-0.27,-0.63,0.81,0,0.592573703426117
0.44,0.22,-0.21,1,-0.0965512816042997
-0.63,-0.06,0.06,0,-0.834685784744982
-0.57,0.52,0.95,1,-0.981651766841687
-0.25,0.9,0.61,1,1.4220565478344
-0.17,-0.01,-0.88,0,-1.54703372860971
-0.97,0.92,0.68,1,-3.28204184395275
-0.08,-0.5,0.61,1,-0.454368230491424
0.89,-0.49,0.49,0,0.252351303948907
-0.29,0.94,-0.26,1,-1.75024962019002
0.95,-0.54,-0.57,0,0.141291088244156
-0.1,0.66,-0.85,1,-1.69485267220795
0.67,0.1,0.56,1,0.632026611024441
-0.23,0.71,0.69,1,-0.750747229352806
0.43,-0.92,-0.79,1,-0.401908637905073
0.97,-0.75,0.44,0,-1.60798025077253
-0.22,-0.38,-0.24,1,-4.42828835430137
0.23,-0.36,0.01,0,-1.02758217208441
-0.05,0.54,-0.49,0,1.02718687087119
0.42,-0.95,0.08,0,0.307129379964693
-0.5,0.3,-0.31,1,0.97311009674129
-0.44,0.26,-0.26,0,0.0945054427327947
0.64,0.48,0.62,1,1.32709725758274
0.19,-0.92,-0.24,1,-1.77230895361461
-0.22,-1,0.42,0,-0.888430212833723
0.23,-0.95,-0.16,0,0.80422809034381
-0.09,0.58,-0.08,1,-4.24681720867608
0.31,0.42,-0.72,1,-0.340598610200366
0.93,-0.76,-0.87,0,0.891464640751907
0.15,-0.88,0.16,0,-0.213254980554707
-0.27,0.57,0.02,1,-0.250384888050218
0.95,-0.34,-0.36,1,0.259771580354066
0.81,-0.7,-0.11,0,0.465833115658123
-0.95,0.29,0.52,0,-1.1343568775889
0.58,-0.8,-0.74,0,-1.45848913570309
0.41,-0.08,-0.55,1,-1.79856876486937
-0.58,-0.88,-0.63,1,-1.27830002594109
0.4,0.53,-0.62,1,-0.429774428157115
0.99,0.6,0.13,1,-0.163149660755378
-0.52,-0.6,0.65,0,-0.707558682513438
-0.11,0.22,-0.48,1,0.436731987592698
0.05,-0.33,-0.98,0,0.554283045193246
0.57,0.25,-0.59,0,-1.10350249732554
-0.64,-0.81,-0.2,1,-1.51301159716677
-0.92,0.97,-0.56,1,-1.82532840292425
-0.54,-0.84,0.53,1,-2.13446215593707
0.76,-0.36,-0.81,0,-0.447705868110477
-0.97,-0.03,-0.76,0,-2.42117117821338
0.14,0.67,0,0,-2.17263900113752
0.8,-0.32,0.02,0,-0.137837160611358
-0.63,-0.71,-0.73,1,-1.58448900284746
-0.42,0.45,0.37,1,0.648027188529143
-0.8,0.19,0.29,1,-1.1922924369594
0.45,-0.71,-0.89,0,-0.114488404407528
0.74,-0.95,-0.45,0,-0.227370706744913
-0.22,-0.42,-0.83,0,-2.41586021484532
0,-0.66,0.11,0,-0.42285602749681
0.96,0.98,-0.97,1,0.907580642969242
-0.71,-0.54,0.7,1,-1.2102481263261
0.19,0.26,0.08,0,0.502034848342406
0.95,0.48,0.84,1,1.65629615353569
0.97,0.36,-0.34,0,2.13315916403119
0.91,-0.43,-1,1,0.0397741488782514
0.13,-0.69,0.57,0,-1.79799903928352
-0.23,-0.06,0.88,0,0.24586477930074
0.85,0.95,-0.97,1,-0.572918609374796
0.36,-0.13,0.08,0,-2.09989413176211
0.1,0.72,0.39,1,-1.66522364064948
0.07,0.29,0,1,-0.0260940676566463
0.27,0.85,0,1,-1.08652291706815
0.11,-0.31,-0.17,1,0.135983080176685
-0.19,0.58,0.21,0,1.29859944628363
-0.65,-0.79,-0.46,1,-0.313325742172876
0.08,-0.08,0.81,0,-1.49083492504346
0.57,-0.22,0.05,1,-0.699140695295349
0.53,-0.43,0.51,0,0.455121233826478
0.07,0.95,-0.8,1,-0.606044497644679
0.38,-0.6,0.44,0,-0.116254517543991
-0.93,0.94,0.92,1,-2.46191846758467
-0.9,0.31,0.03,0,-2.52362030600621
-0.48,0.54,-0.07,1,0.188075851586176
0.78,-0.47,0.77,0,0.54337268905316
0.64,0.33,-0.62,1,0.906909037897851
-0.54,0.16,0.35,0,-0.529728780083059
0.72,0.18,0.4,1,3.75730802558537
0.65,0.1,-0.01,0,0.559666955663951
-0.69,-0.35,-0.64,1,-1.29961234967105
-0.1,0.35,0.49,1,1.84856130895037
-0.52,0.98,-0.11,1,-1.35550938068584
0.06,-0.19,-0.68,0,0.0235417308858529
-0.31,0.14,-0.11,1,-0.808687580255933
0.4,0.16,0.61,1,-0.266327853966303
0.43,-0.56,-0.59,0,-1.72866579640511
-0.63,-0.59,-0.44,1,-1.4848936831511
0.8,-0.58,0.63,1,2.87781610265402
-0.05,-0.64,-0.15,0,-0.810191282144429
-0.19,-0.69,-0.66,1,-1.20106148746322
-0.51,-0.25,-0.13,1,-2.19862503583633
0.33,0.48,0.18,1,1.11230842678239
0.5,-0.68,-0.18,0,-1.68920173194588
-0.62,0.08,0.53,0,-1.97568021797766
0.26,0.17,-0.99,0,-2.39360748967507
0.85,-0.23,-0.81,0,-1.27756059300372
-0.85,0.87,-0.25,1,-3.03140743823752
-0.63,0.77,0.91,1,-2.07103046401767
-0.25,-0.13,-0.35,1,-0.363874574448382
-0.87,0.33,-0.78,0,-0.55035856973606
-0.45,0.33,-0.1,1,0.109280999734125
0.61,0.61,0.62,0,0.0343585339738107
-0.49,-0.59,0.47,1,-0.893380142457578
-0.58,-0.86,0.27,0,-0.881387754698937
0,0.57,-0.2,1,-1.20481261317061
0.04,0.33,-0.3,0,0.674070129558799
-0.93,-0.05,-0.93,1,-1.41056342793916
-0.12,-0.22,-0.89,1,-3.20579188035427
0.95,-0.98,-0.26,1,-0.264578076521756
0.02,-0.01,0.44,1,0.800948213809954
0.37,0.35,-0.97,1,-0.939202886168403
0.3,-0.44,0.89,0,0.266709894906327
-0.95,0.49,-0.28,0,-1.0555012383612
-0.45,0.19,0.48,1,3.18967768374564
-0.64,0.38,-0.98,1,-3.60913323529826
-0.68,-0.24,-0.65,1,-3.67382252985232
0.29,-0.02,0.38,0,0.568028668650456
-0.56,-0.26,-0.98,1,-1.08770021875688
-0.98,0.43,0.36,1,-0.381533624594433
0.6,0.06,-0.74,1,-0.852243882870513
-0.37,-0.07,-0.11,0,1.30138816916782
0.65,0.72,-0.99,1,-2.20155347483044
-0.02,0.67,0.41,1,-2.06132276794852
0.71,-1,0.45,0,-0.198140390613334
0.8,-0.78,-0.85,0,1.8805869089066
-0.91,-0.38,0.22,0,-1.02768341266178
0.91,0.54,0.71,0,1.62339605143577
0.48,-0.74,-0.36,0,1.23007759473682
0.81,0.35,0.02,0,1.47577996831456
0,-0.73,0.63,0,-1.90073787596427
0.86,0.52,0.32,0,1.42572621806583
0.28,0.84,0.73,1,-0.39454791808008
-0.38,-0.19,0.76,1,-0.0841685904999179
0.03,0.51,-0.37,0,-0.569444679602975
0.74,0.27,-0.11,0,-1.18510702225461
0.04,0.54,-0.13,0,0.262834371466622
0.03,0.44,0.98,0,0.398503660926992
-0.49,-0.34,-0.2,0,-1.23762634763038
0.93,0.05,-0.66,0,-0.799550322117225
0.18,0.46,0.17,1,-0.539224778913414
0.26,-0.82,0.45,0,-0.527625716490426
0.58,-0.17,-0.31,0,0.940110146004329
0.51,0.39,0.77,1,0.963966275843629
-0.32,-0.58,-0.04,1,-1.67169579808368
0.3,-0.44,-0.79,0,-3.3612030254467
0.07,-0.58,0.76,0,0.00224983654064687
0.59,-0.81,-0.85,1,1.08211681088736
0.99,-0.05,-0.67,0,1.57319086010968
0.3,0.49,-0.65,0,1.3167226423107
-0.11,0.27,-0.33,1,0.220058635019861
-0.35,0.86,-0.84,0,0.62651372621074
0.07,-0.67,-0.6,0,-0.943686452444078
0.09,0.08,0.19,0,-0.989410075685581
0.33,-0.66,-0.19,0,-1.40519659688547
1,0.56,0.5,0,0.583058899592565
-0.35,-0.22,0.87,1,-1.62880780770162
-0.72,-0.33,-0.71,0,-1.62540140361111
-0.06,0.68,-0.28,0,-0.103122209414967
0.39,-0.2,-0.22,1,-0.833113844472358
-0.52,0.9,-0.85,1,-0.958185896208784
0.33,0.74,-0.64,1,-1.09820850331812
-0.26,0.2,0.15,0,1.02034745793173
0.69,-0.25,-0.67,0,0.301693886479643
0.84,0.95,0.08,0,-0.35453585074908
-0.98,0.51,-0.55,0,-1.66664980419918
0.42,-0.36,0.22,0,0.321883050535119
-0.79,-0.44,-0.49,0,-2.06805533208634
-0.38,0.69,0.34,0,-0.0880049505274258
0.1,0.16,-0.19,0,0.0573958608311385
-0.79,0.21,-0.1,1,0.66206084413366
-0.65,0.98,-0.51,1,-1.91502914429738
-0.52,0.83,0.94,1,-1.47618754237185
-0.33,0.7,0.77,1,-1.93274897158874
-0.07,0.47,0.35,0,-1.35713286976328
0.5,0.95,-0.8,0,-1.61397031117903
-0.09,-0.16,0.07,1,-1.34279887032012
-0.03,0.9,-0.19,1,-0.138220027096886
0.32,-0.13,0.11,0,0.427158159789933
-0.57,0.48,-0.07,0,-2.24099281746208
-0.77,0.93,0.01,1,-2.74245714496266
-0.23,-0.75,0.55,1,-1.19615419483757
0.53,0.2,-0.53,1,0.498385016694267
0.92,0.39,-0.31,0,0.692197818152129
0.81,-0.72,-0.48,1,1.7877706779861
0.89,0.03,-0.68,0,-0.614032650724957
-0.27,0.34,0.1,1,-2.72501891156471
-0.35,-0.63,0.31,0,-0.11817651829174
0.23,0.04,-0.05,1,0.713974657778299
0.88,-0.93,-0.24,1,0.00790859101480879
-0.74,0.27,0.12,1,-1.52054664015531
0.46,-0.9,0.78,0,-0.555991196799737
-0.25,0.3,0.6,0,-0.311893437197429
0.63,-0.2,-0.8,1,-0.122855752707479
0.28,-0.49,-0.89,1,0.735304576544953
-0.67,0.63,0.13,0,-1.6648833983784
-0.19,-0.46,0.32,0,-0.533277155356502
-0.88,-0.97,-0.48,0,-0.674823966297577
0.36,0.02,0.88,0,-0.767342155259083
0.82,0.76,0.93,0,0.756236587067149
-0.21,0.76,0.17,1,-3.15349475663167
-0.54,-0.93,-0.8,0,-1.45757774988555
0.74,0.05,0.1,1,0.332825232050948
-0.47,-0.26,0.65,0,-1.82993764223895
0.7,0.35,-0.25,0,-0.479977469185323
0.17,0.75,0.69,0,0.696503373594371
-0.14,-0.36,0.39,1,-3.70598224538745
-0.9,0.55,-0.66,1,-2.50752789429589
0.13,0.84,-0.3,1,-1.83304558470656
0.45,0.2,-0.66,1,0.0659374879914068
0.91,0.64,0.69,0,1.41163462727736
0.82,-0.01,0.45,0,0.801754269604537
-0.36,-0.84,0.1,1,-0.692692430744965
-0.09,0.31,0.1,0,0.132517256600346
-0.2,0.15,0.81,1,-0.275087904073183
-0.92,-0.3,-0.47,0,-3.73429764533368
-0.9,-0.03,0.03,0,-0.251578719401861
-0.44,-0.04,0.56,1,-1.49138288485896
-0.17,0.36,-0.02,0,-0.861088768214911
-0.42,0.01,0.54,0,-0.595482070624277
-0.3,0.42,-0.34,0,0.0739322229843955
0.71,0.88,0.06,0,1.09408696620231
-0.29,-0.88,0.67,0,-0.101734600034689
0.71,0.77,0.12,0,0.677134592840487
-0.61,-0.89,-0.79,1,-1.96386165334242
0.24,0.68,-0.29,1,-1.09227646082158
-0.42,0.02,-0.54,0,-0.249084021354129
-0.3,0.35,0.58,1,-0.641251801754092
-0.08,-0.66,-0.08,0,-1.8876100956812
-0.12,0.39,0.89,0,0.155478715882576
-0.09,-0.15,-0.36,0,-0.160526692566686
0.5,0.62,0.61,0,-1.19808322753688
-0.7,0.26,-0.26,1,0.284725355870596
0.58,0.37,-0.37,0,0.165925135260023
0.5,-0.99,-0.66,1,-0.561464768340648
0.92,-0.31,0.81,1,1.14517791659242
0.37,-0.98,-0.83,0,0.610394870988263
-0.78,0.67,0.04,0,-2.08039944099984
-0.86,0.85,0.87,1,-0.901362617860952
0.29,0.42,0.18,0,-0.578069194974882
-0.84,-0.85,0.26,0,-1.55463868048091
0.2,-0.37,-0.7,0,-0.214073935274676
0.63,-0.28,-0.07,1,-0.565109623144082
-0.92,-0.29,0.43,0,-2.89886446232819
-0.53,0.35,-0.29,1,-0.904384786099794
-0.17,-0.65,-0.08,0,0.520663237337545
-0.43,-0.58,-0.68,0,-1.25120638161271
-0.42,-0.87,-0.99,0,-2.48782392407968
0.24,-0.1,0.07,0,-0.944928703879608
-0.76,-0.26,0.43,0,-0.20343391346468
0.94,-0.45,-0.16,0,0.513083489865367
0.2,0.62,0.79,1,-1.23473364792238
0.68,0.87,0.73,1,0.451296583834219
-0.98,0.86,-0.1,0,-0.48332949092427
0.23,0.4,-0.73,1,2.13633706023648
0.72,0.46,0.52,0,-0.275749483409345
-0.49,0.67,0.19,1,-2.09925263521073
0.86,0.62,-0.36,0,1.55811001587376
0.31,0.96,0.85,1,-0.00781078010869635
0.79,-0.55,-0.92,1,1.90328274058752
-0.01,-0.04,-0.4,1,0.139556289785497
0.64,-0.86,-0.65,0,-2.14404097034683
0.13,0.95,0.89,0,0.795957776227395
0.2,-0.35,0.14,1,-2.56117992056019
0.84,-0.39,-0.46,0,-1.45769245667068
0.13,0.13,-0.74,1,0.337389599569243
0.59,-0.32,-0.45,1,-0.758128830485748
-0.09,-0.32,0.38,1,-1.61853522973161
-0.34,-0.11,0.22,1,-0.372142765682315
-0.55,0.7,0.25,1,-1.55606863056491
-0.21,-0.08,0.02,1,-2.0038404946062
0.16,0.32,0.67,1,1.12541534395698
0.12,-0.45,-0.01,1,-1.37141350336624
0.55,-0.46,-0.79,0,-0.485111573866537
-0.99,0.92,0.23,1,-3.08576558593846
-0.81,0.85,0.76,1,-1.98626147450412
-0.09,0.19,-0.61,0,-0.575063608150991
-0.2,-0.5,-0.34,1,-1.85374348710314
-0.12,0.54,0.61,1,-0.434459262894561
-0.27,-0.78,-0.94,0,-2.09076835059848
0.59,0.89,0.77,0,0.121992140533557
0.24,0.19,0.01,1,0.68333766082188
-0.99,-0.08,0.79,0,-0.802159082338408
-0.61,0.34,0.43,1,-0.477009061768515
0.39,-0.34,-0.97,1,-1.02963660157676
0.66,-0.91,0.81,0,0.918024192661124
-0.81,0.39,0.39,1,-1.05083708809838
-0.38,-0.05,-0.29,1,-1.59463626291671
-0.95,-0.55,-0.6,1,-1.55972846442135
0.8,-0.93,0.47,0,-1.28216245001572
0.29,-0.64,0.97,0,0.304825968956194
-0.39,0.12,0.4,0,-1.24496358658299
-0.87,-0.09,0.43,0,-2.42404602678007
0.77,-0.16,-0.01,1,-2.04033169637767
0.13,0.94,-0.21,1,-0.981102755552421
-0.26,-0.42,0.97,0,-1.84920226435962
-0.79,-0.63,-0.67,0,-2.98444814841946
0.48,-0.71,-0.07,1,2.43987449908196
-0.99,0.1,0.91,1,-2.28636141333606
0.22,-0.13,-0.3,0,0.562509917441285
0.13,-0.44,0.48,0,0.0992456414201712
-0.07,-0.7,-0.53,0,-1.96378911517512
-0.76,0.25,-0.68,0,-1.95023069788137
0.87,0.87,0.01,1,0.103831859745232
-0.54,-0.78,-0.02,0,-1.24559063016319
0.15,0.51,-0.13,1,-0.470115448488651
-0.34,-0.85,-0.23,1,0.131864524659936
0.33,0.93,-0.65,0,-0.192686902302723
-0.6,0.56,-0.22,0,-3.05134620996324
-0.11,0.32,-0.58,1,0.129610276262639
-0.75,-0.08,-0.31,1,-4.0917105203503
-0.32,0.57,0.73,1,0.0360318436670168
-0.67,-0.65,-0.87,0,-2.5036864814395
0.97,0.99,0.38,1,0.385968044770521
-0.29,0.3,0.8,0,-0.991506415298824
-0.17,-0.91,-0.51,1,-0.241942521111811
-0.54,0.7,-0.91,0,-2.88155819930986
0.11,-0.96,0.11,0,-0.583183208495907
0.85,0.49,-0.29,1,0.0235487532831447
0.26,-0.7,-0.19,0,-0.655513448038017
0.59,0.93,0.81,0,1.47704191100748
0.14,0.69,-0.27,0,0.473631366692422
0.45,0.32,-0.92,0,1.3369616611284
0.85,-0.84,-0.2,1,1.26841332666749
0.69,-0.39,-0.74,1,-1.22060694142531
-0.76,0.91,-0.32,0,1.25270721597723
0.52,-0.57,-0.85,0,-0.82324613826175
-0.27,0.82,0.4,1,-0.472247275558007
0.08,0.32,0.23,1,1.68481851859243
-0.74,0.98,-0.83,1,-1.03943113529137
-0.86,0.59,0.24,1,-0.533406104915396
-0.51,-0.96,0.19,0,-1.64199117251275
-0.99,-0.27,-0.68,0,-3.06040277909061
0.38,-0.63,0.73,1,0.342365050268064
0.83,-0.34,-0.03,1,-0.825541224986071
0.6,0.59,-0.11,1,0.454169212535471
-0.08,0.35,-0.54,1,-0.731282837718709
1,-0.08,0.01,0,1.14381082480018
0.44,-0.46,0.72,0,-1.23788240018636
0.38,0.63,-0.75,1,1.18648088246194
0.48,0.64,0.19,1,1.27612412147912
-0.23,-0.72,0.8,0,-1.29879494121108
0.48,0.56,0.63,0,0.589067288930464
-0.68,0.36,0.38,1,-0.829137085401793
0.95,-0.94,0.16,0,-1.17843411723808
0.31,0.11,-0.62,0,-2.98234597494101
-0.19,0.79,0.36,0,-0.21209449326559
0.65,0.1,0.55,1,1.24341199504341
-0.81,-0.04,-0.94,0,0.0303590390448474
-0.33,0.8,-0.45,1,-3.67651866383398
-0.15,-0.58,-0.1,0,-1.63217075860241
0.21,-0.4,0.8,0,0.630037992310033
-0.71,-0.55,-0.25,0,-1.21761257999836
0.19,0.27,0.84,1,1.28586855683826
-0.05,-0.67,-0.93,1,-0.93345435446795
-0.31,-0.8,0.74,0,-0.787054732425977
0.72,-0.15,0.52,1,-0.383922342398288
0.56,-0.12,0.74,1,-0.0688859909584619
0.18,-0.88,-0.87,0,-1.59892919528782
-0.85,-0.9,0.72,0,-0.395435114161669
0.81,-0.05,0.11,1,1.47391928374653
0.96,-0.49,0.01,1,1.97196769133536
-0.74,-0.24,-0.54,1,-3.25719589955849
0.04,0.06,-0.93,1,-0.625212152093717
0.16,-0.82,0.97,0,-0.809279624235713
0.33,0.65,-0.54,1,0.723127768353078
0.12,-0.33,-0.81,0,-1.08772049187507
0.09,-0.24,0.71,0,-0.219364855774768
-0.16,-0.82,-0.7,0,-0.898811971276278
-0.82,0.05,-0.6,0,-0.796787443181217
-0.62,0.75,0.49,1,-2.17567327223427
0.45,0.72,-0.49,1,1.75167841360622
-0.94,0.21,-0.76,1,-1.9919114943962
-0.09,-0.89,0.88,1,-1.60513318394905
0.91,0.86,-0.99,1,0.269789421614023
-0.69,-0.01,-0.54,1,0.00265295047550129
0.38,0.72,-0.61,1,-0.682536923583322
0.3,-0.02,0.52,0,0.0557260399699676
-0.79,-0.79,0.15,0,-0.776797384441847
-0.95,0.73,0.92,1,-2.37508790608409
0.42,0.2,-0.8,1,1.04475306238137
0.88,-0.03,0.3,0,1.66348487568464
-0.34,0.31,-0.28,0,-0.675253978947228
-0.63,-0.62,0.68,0,-1.98819651894608
-0.44,0.85,0.5,0,0.0299242198726607
-0.1,-0.94,0.09,1,-1.81639588130274
0.14,-0.49,-0.6,0,-2.24329242499569
0.94,-0.48,0.18,0,0.131287715044246
-0.17,0.11,-0.83,0,-1.9649291916684
-0.85,0.76,0.99,0,-0.0920769281602435
0.61,0.46,-0.92,1,0.470742397805067
0.91,0.95,-0.85,0,-0.136334615072354
0.18,0.06,0.5,0,1.48289757854462
0.58,0.84,0.27,1,-0.0832684695380061
-0.81,0.71,0.14,1,-0.864878306866573
0.53,-0.6,-0.83,0,-0.632421048996398
-0.41,0.72,0.91,1,-1.79356819230984
-0.97,0.02,0.87,1,-1.18520578283855
-0.22,-0.38,0.77,0,0.350888130939812
-0.19,0.68,-0.03,0,2.34677504719934
-0.89,-0.72,-0.61,0,-2.96794587124924
-0.84,-0.34,-0.28,0,-1.77742985864073
-0.84,0.54,0.36,1,-0.55291857971353
-0.52,-0.64,0.53,0,-0.839379774701208
0.43,0.39,0.49,0,0.0846563758813262
0.34,-0.05,0.96,1,-1.33887610290442
-0.57,0.38,-0.34,1,-0.861111156046977
-0.62,-0.66,-0.93,0,-1.91375390845827
-0.48,0.45,-0.28,1,-0.851760502798616
0.72,-0.9,-1,0,1.08224179372707
-0.71,0.21,-0.6,0,-1.74693983950467
0.04,-0.62,-0.09,1,-1.66850319488995
0.25,0.34,-0.28,0,0.332433073531127
-0.89,0.86,-0.98,1,-2.58146702659476
-0.16,-0.2,0.9,1,-1.72540291650713
0.61,0.58,0.58,1,1.03281448875469
0.92,-0.42,-0.3,1,-2.80842762817326
-0.45,0.24,-0.13,1,-0.649631524332684
0.66,-0.96,0.33,0,-0.374451828250923
-0.7,-0.13,-0.8,0,-0.89970948423956
0.18,-0.09,0.47,0,-0.485006596184361
0.76,-0.36,-0.29,0,-1.01213846241125
-0.47,-0.05,0.27,0,-0.541433885687417
0.25,-0.09,0.7,0,-0.0655538234798758
0.35,0.8,-0.4,1,-0.535527700899878
0.38,0.2,-0.37,0,1.02557043692358
-0.77,0.21,-0.45,1,-1.25863729908313
0.25,0.93,0.3,0,-0.944201283419081
-0.19,0.04,0.62,0,-1.76401259675319
-0.51,0.1,0.79,1,-1.41414753549791
-0.99,-0.97,0.76,1,-3.44226926540234
0.01,-0.07,0.09,1,-0.968000405971199
-0.91,-0.07,-0.64,1,-0.706818561081935
-0.14,0.32,0.97,1,0.546316986757753
0.17,-0.21,-0.38,1,-0.655346036831248
-0.48,0.74,0.28,1,-2.86662305360828
-0.7,0.38,0.46,1,-0.759097676773106
-0.91,0.9,-0.47,0,-0.534905037404101
-0.67,-0.12,0.83,1,-2.35550645118375
0.37,0.36,0.9,1,2.06077584424383
-0.43,0.6,-0.07,0,0.0430473785994038
-0.5,-0.55,0.29,0,-1.82072989558496
0.24,-0.68,0.05,0,-1.35695864196131
0.81,0.34,-0.88,0,2.5738173876011
-0.09,0.97,-0.1,1,-0.559930650945535
0.68,-0.03,-0.39,1,0.207238019628473
0.95,0.56,0.95,0,0.960453975372639
-0.23,-0.51,0.75,0,-1.32820688054038
0.56,0.45,0.24,0,-0.569975943696645
0.25,-0.83,-0.53,0,-1.9597351813807
0.88,-0.94,0.84,0,1.07596233905445
0.65,0.6,0.92,0,-0.260062833322873
-0.91,-0.88,0.45,0,-1.04751458651037
-0.22,0.56,0.21,1,0.551470937021941
-0.16,-0.53,0.91,0,0.505778960117877
1,0,-0.42,1,0.735246802426467
-0.71,0.84,-0.01,1,-2.53164977646215
0.43,-0.53,0.3,1,-0.921512184475792
-0.87,0.92,0.49,1,-1.69831581405282
-0.07,-0.21,0.82,0,-0.661615685678704
-0.75,-0.26,-0.93,0,-1.50270645748584
0.04,-0.68,-0.58,0,-1.57800975475403
-0.74,-0.92,0.67,0,-0.869964879878335
-0.03,-0.43,0.5,0,0.119169570852022
0.07,-0.49,0.04,1,0.385095581759445
0.81,-0.09,0.45,0,2.64975551737932
0.32,-0.33,0.19,0,-0.0901094011207075
0.79,0.06,0.1,0,-0.225546318478704
-0.54,0.98,0.09,0,-0.600320865004595
0.11,-0.05,-0.36,1,-2.40493688347597
0.3,-0.97,0.37,0,-0.444076846030963
-0.13,0.44,-0.51,0,-0.988673133260061
0.31,0.46,0.69,1,1.05670163568598
0.44,-0.98,-0.04,0,-0.830810185638072
-0.33,-0.71,0.11,0,-2.53298453629771
-0.45,0.97,-0.43,1,-0.969797993241166
-0.98,0.27,0.85,1,-1.94112982986191
0.05,0.93,0.17,0,0.963006193942259
0.08,0.38,0.04,1,-1.32281260633524
-0.15,0.34,0.28,1,0.231450981330024
-0.45,-0.24,-0.88,1,-2.09904495058549
-0.84,-0.84,0.98,0,-2.98561751308999
0.78,-0.08,-0.51,0,1.48605531466027
-0.43,0.57,-0.34,1,-2.2731184824681
-0.85,0.23,-0.11,1,-1.20721558990684
-0.73,-0.98,-0.25,0,-1.63166789403367
0.85,-0.45,0.19,0,-0.155143856258392
0.65,0.85,-0.12,1,-0.980968526384773
0.14,-0.74,-0.07,0,-0.341662071783285
-0.76,0.65,-0.1,1,-2.67824045259183
0.3,0.72,-0.59,1,-0.342786877204504
-0.1,-0.82,0.34,0,-1.41272286277471
0.86,-0.18,0.03,1,-1.15307738141952
-0.67,0.53,0.98,1,-1.22801567303898
0.91,-0.93,0.16,1,1.52321860917566
0.08,-0.07,0.14,1,-0.556457492238007
-0.29,0.22,-0.4,1,-0.0216468395330257
-0.36,0.14,-0.21,1,-2.21028082880039
0.63,-0.37,0.41,0,1.5194436318915
0.98,-0.17,-0.03,1,-0.0402463576815861
0,-0.47,-0.09,1,-1.81337900565564
-0.26,0.22,0.84,0,-0.599690239712519
0.82,0.5,0.7,1,1.45125556272743
0.55,0.71,-0.21,1,-1.86993454443449
-0.2,0.61,0.88,1,-0.151115357472887
0.3,-0.56,-0.81,0,-0.476167271903583
-0.7,-0.03,-0.52,1,-0.705614268280639
0.5,-1,-0.2,0,0.426039270447351
0.79,0.34,0.52,1,1.31738732643978
0.69,0.9,-0.77,1,-0.32406799410643
-0.28,0.1,0.87,0,-1.46451617256245
-0.37,-0.96,-0.24,0,-1.78370292825461
-0.66,-0.43,-0.17,1,-1.23742448026815
-0.74,0.35,0.44,1,1.2982240059904
-0.3,-0.33,0.23,0,0.0324093958642993
0.49,0.03,-0.91,1,-1.66555635504496
-0.4,0.5,0.87,1,0.232878106163116
-0.65,0.28,-0.4,1,0.563556012732093
0.89,-0.02,-0.47,0,0.8564201441298
0.83,0.76,-0.01,0,-0.147930363118786
-0.36,-0.91,0.25,1,0.180337313463707
-0.73,0.01,0.15,0,-0.450518541896334
0.76,0.36,0.57,0,1.27365658435809
-0.99,0.35,0.82,0,-1.45040720270424
-0.2,0.11,-0.62,0,0.0148917777935812
-0.71,-0.66,0.77,1,-0.708080190052172
0.99,-0.45,-0.48,0,0.0532297383439641
-0.4,0.18,-0.46,0,0.539098096518278
-0.18,-0.55,-0.11,0,-0.23077662335377
0.94,-0.06,-0.14,1,-2.40416704608339
-0.69,-0.23,0.79,1,-2.83165715039196
0.59,0.51,-0.9,0,-1.41240629563197
0.67,-0.96,0.71,0,0.491791645710936
0.88,0.56,-0.82,0,-0.0285995107757795
-0.17,0.95,0.98,1,0.60628780794525
-0.81,-0.28,-0.69,1,-2.576458910361
-0.89,0.03,-0.29,0,-1.43995968133297
0.74,-0.8,0.18,0,-0.191107831795612
0.02,-0.06,0.5,1,-1.07939169533814
-0.46,-0.76,-0.57,0,-1.31149349846273
-0.14,0.49,-0.24,1,-1.58246373517099
0.61,-0.6,0.65,1,1.57057932277883
-0.46,-0.46,0.93,1,-1.7838035205385
-0.95,0.19,0.27,0,-2.01796758558499
-0.28,0.82,-0.55,0,-0.86111347678341
0.67,-0.55,0.83,0,2.01866882681447
0.8,-0.46,0.78,0,-1.45399914534674
-0.24,0.08,0.73,0,-0.829860909964869
0.52,-0.67,0.44,1,1.05989590916225
-0.15,0.76,0.08,1,-1.85668550963342
0.08,-0.06,-0.5,1,-1.33939368459651
0.81,-0.37,-0.24,0,0.435348337976121
-0.21,-0.08,-0.67,0,-0.728485911457358
0.28,0.49,-0.87,0,-0.909754508319701
0.27,0.6,0.49,0,0.784432913870525
0.08,-0.16,0.4,0,-0.20051634524
0.41,0.61,0.27,0,0.982341749488027
0.59,-0.28,-0.1,1,-2.0945509122121
-0.68,-0.7,0.19,0,-2.24091643822233
-0.63,-0.36,0.26,0,-1.42470250867279
-0.45,0.14,0.47,1,0.765564440857999
-0.82,0.04,-0.17,1,-2.04134147481459
-0.84,0.27,0.02,0,-2.23188699095086
0.72,-0.37,0.87,0,1.0677454904474
-0.91,-0.6,0.84,0,-0.992643335801467
0.85,0.71,0.51,1,-0.911254228042606
-0.47,0.51,-0.25,1,0.958886720691014
0.38,-0.02,0.49,0,1.51567444889729
0.92,-0.97,-0.13,0,-1.49294908467684
-0.01,0.48,-0.61,0,1.70037646372281
0.38,-0.22,0.42,1,-2.62540399127805
0.84,0.89,-0.22,1,0.603618495345805
-0.93,0.53,0.13,1,-2.91966044208282
0.12,0.39,-0.54,1,-0.0265850984550912
-0.81,0.95,-0.9,1,-2.16779909313699
0.3,-0.88,0.56,0,-0.149114918771437
-0.88,-0.29,0.73,0,-2.43033961794016
0.09,-0.8,-0.23,1,-2.63999320602552
0.09,-0.15,0.39,0,-0.463811099119729
0.55,-0.29,0.49,0,-0.694699804956649
-0.54,0.69,0.99,1,-1.38699506788287
-0.76,0.62,-0.95,0,-2.08350980850882
0.96,0.61,0.85,0,1.81226476570434
-0.36,-0.25,0.14,0,-0.913812567424345
0.44,-0.23,-0.56,0,0.260388012483793
-0.16,-0.23,-0.73,0,-1.98894010481345
-0.65,-0.91,0.7,1,-1.39550566316476
-0.89,0.34,0.11,0,-0.842978912503816
0.9,0.87,-0.95,1,0.181652843595052
0.56,0.04,0.52,0,1.8900374665165
0.35,0.92,-0.5,1,-2.10966238731069
0.17,0.01,-0.43,0,0.30212551149949
0.96,-0.12,0.17,0,0.465418657943055
-0.52,-0.17,0,0,-0.159286195939208
-0.07,-0.8,-0.02,0,-1.07480849238628
0.27,0.73,-0.79,1,-3.69886894470162
0.44,0.94,0.37,0,0.941305849423153
0.14,-0.06,-0.52,0,-0.764379262260984
0.18,-0.12,-0.05,1,-1.97890243552694
-0.52,0.26,-0.94,0,-1.82846889618454
-0.71,0.37,-0.67,0,-1.17033645179869
0.05,0.38,-0.12,1,2.86561055070366
0.43,0.66,0.87,0,0.70917357373771
-0.55,0.25,-0.26,1,-1.2576963683777
-0.07,-0.72,0.06,1,1.93889771823325
0.41,0.23,0.68,0,-0.209519782195614
0.66,-0.2,0.77,0,-0.538726095585463
-0.84,-0.71,0.35,0,-2.837231318762
0.77,-0.55,0.05,0,-0.663809163087791
0.13,0.98,-0.02,1,1.98883403040266
-0.63,-0.31,0.7,0,-0.168438565135925
0.6,0.39,0.4,1,2.08895076117577
0.9,0.42,0.71,0,0.969625304045126
0.16,-0.78,-0.56,1,0.447408047467689
1,0.95,-0.17,1,1.70425972639518
-0.56,0.9,0.14,1,-1.21993577571543
0.58,0.48,-0.3,1,0.800386468438621
-0.72,-0.19,-0.89,1,-1.9179498495844
-0.47,-0.69,-0.79,1,-1.02307621659104
-0.9,0.86,-0.91,1,-2.20850949720483
-0.44,-0.88,-0.16,1,-1.86092525342597
0.35,0.66,0.65,0,1.95897010470279
0.28,0.68,0.88,1,1.01193157569995
0.15,-0.22,0.06,1,-3.16154548245761
-0.02,-0.25,-0.67,0,-1.06231967858946
0.05,0.05,0.84,0,0.376856056710878
-0.67,-0.18,-0.05,1,-2.03209081494844
0.51,-0.57,-0.14,0,0.443848728950074
0.54,0.81,-0.3,1,-0.750434502822266
-0.83,-0.95,-0.83,0,-3.25933341962352
-0.66,0.36,-0.93,1,-0.517020017459496
0.41,-0.62,-0.63,0,-2.12814522359563
0.31,0.84,-0.83,1,-0.0729572020084008
-0.81,0.05,0.88,1,-0.414031230869901
0.43,0.39,0.98,0,-1.48688286461734
-0.22,-0.28,-0.93,0,-0.200078550443761
-0.16,0.66,-0.13,0,-0.593492105495794
-0.96,0.54,-0.6,0,-2.04381677538795
0.83,0.63,-0.68,1,0.572818817384255
-0.89,-0.25,0.8,1,-1.43938289310139
-0.46,-0.99,0.73,1,0.161920653780543
-0.53,-0.75,-0.12,0,-2.6415460361895
-0.62,0.18,0.03,1,-0.863867913907967
0.24,-0.61,-0.93,0,-0.697618518175531
0.68,-0.77,0.92,0,0.137019075553886
0.18,-0.98,-0.24,0,-1.32703601529651
-0.58,-0.6,0.3,1,-3.33432713414903
0.65,0.62,0.35,1,-0.0729294734365392
-0.24,-0.53,0.43,0,-2.05780363234485
0.34,0.39,0.71,0,0.281125272564001
-0.63,-0.28,0.14,1,-3.36300426256923
0.35,0.19,-0.68,0,-0.376611080246289
0.71,0.92,0.49,1,-0.0512762452309108
-0.66,0.1,0.94,0,-1.23634696918317
-0.77,0.94,0.55,1,-1.7658953136434
-0.74,0.31,-0.01,0,0.24036671199718
0.94,-0.39,-0.89,0,0.694436306841976
-0.45,-0.48,0.43,1,-1.64362242181527
0.27,0.96,0.66,1,-0.891916787407522
-0.92,-0.82,-0.45,1,-0.472634856602352
0.09,0.51,0.26,0,-1.51340718682383
-0.07,0.04,0.8,1,-1.27877904122174
-0.79,-0.58,0.22,0,-2.29020483581316
-0.18,-0.38,0.82,1,-2.37086061540444
0.1,0.74,-0.78,1,-2.11568428961934
-0.39,0.35,-0.42,0,0.446203946044432
-0.74,0.94,0.61,1,-1.43131215367199
0.15,0.51,-0.53,1,-0.95766147318638
-0.6,0.6,0.67,0,0.0727221964776633
-0.85,-0.76,-0.55,0,-1.69736637408312
-0.13,-0.67,0.6,0,-2.00509672533363
-0.94,-0.88,0.88,0,-2.17696512045096
0.76,-0.08,-0.54,0,0.591732634411715
0.43,0.8,0.41,1,1.66725894838873
-0.74,-0.21,0.52,1,-0.945639931528119
-0.67,-0.77,0.17,0,-0.666212477763892
0.52,-0.62,-0.53,1,0.482477443244213
-0.62,-0.75,0.68,0,-3.01679596201099
-0.29,-0.59,0.31,0,-1.72285357368198
-0.34,0,-0.41,1,-1.34841386534696
0.13,0.81,-0.73,1,-0.558569817334537
-0.56,-0.83,-0.21,0,-1.47860657624385
-0.62,0.04,-0.42,1,-1.22899805991057
0.78,0.29,0.65,1,3.81694626770359
-0.41,-0.72,-0.78,0,-1.11634910058649
0.7,-0.55,-0.88,0,-0.619550724654658
0.61,-0.13,0.41,1,-0.684486365384987
0.04,0.82,0.48,0,0.189324935531938
0.98,-0.61,0.32,0,-0.542331408941419
-0.17,-0.88,-0.87,0,-0.00280992257452684
0.53,0.42,0.69,1,0.906217644011484
-0.46,0.53,-0.61,0,-1.40655242347752
-0.07,0.39,-0.56,1,-0.813588933508288
0.68,-0.31,0.27,0,1.04189307240067
-0.05,0.94,-0.46,0,-1.49526732302221
0.19,0.96,-0.15,1,-0.497429726104085
0.7,-0.66,-0.75,1,1.15184419884169
0.17,-0.34,0.45,1,-1.23265022714553
-0.86,-0.49,-0.23,1,-1.91600010219628
-0.87,-0.7,-0.72,0,-3.25219339420622
-0.16,-0.72,-0.07,0,-1.47107544916739
0.62,-0.44,-0.3,0,-1.89410969758613
-0.37,0.32,-0.3,0,-1.64213736521446
-0.45,0.04,-0.11,0,0.18525059530873
0.03,0.32,-0.97,0,-0.348168464090784
0.27,-0.17,0.23,1,-0.902019493919345
0.48,0.06,0.06,1,-0.29750157783653
0.04,-0.5,-0.58,0,-1.44081960615963
0.92,-0.74,0.45,0,-0.83137031942077
0.81,-0.08,0.98,1,0.540771575719433
0.87,0.92,-0.22,1,1.48237993204554
0.82,0.12,-0.69,1,1.56674192131019
-0.72,-0.14,0.89,0,-1.6406157482132
0.81,-0.99,-0.65,1,0.640577833103636
0.31,0.6,-0.01,0,0.49490849886898
-0.07,-0.89,-0.09,0,-0.198789057749639
-0.3,-0.85,0.17,0,-1.61462758633659
-0.09,-0.9,-0.74,1,-1.89858012096025
-0.69,0.78,-0.95,1,-2.49685631608751
0.08,0.59,-0.4,0,0.0577776950526091
-0.16,0.53,0.86,0,1.42209373112435
0.37,-0.21,0.25,1,-1.01324568843387
0.48,0.08,0.93,1,1.44779308856952
-0.02,-0.17,0.45,1,-1.43956987832004
-0.53,0.27,0.38,1,2.1025124420763
-0.82,0.86,0.43,1,-0.60354518339343
0.96,0.78,-0.59,1,-0.061591698123932
-0.63,-0.74,-0.58,0,-1.80140408994739
0.21,-0.04,-0.63,0,-0.520685404271752
-0.72,0.97,0.31,0,-0.528745915615415
0.31,0.24,-0.22,0,-0.701095410492474
-0.5,-0.2,-0.13,1,-2.25935612905066
0.72,-0.75,-0.77,1,0.278228593411057
0.8,-0.86,-0.62,0,-1.41220213295198
0.85,-0.68,0.26,0,0.892440557754521
-0.07,-0.63,-0.83,1,0.216612747356119
0.54,-0.78,0.81,0,-0.675030677344538
0.5,-0.23,0.31,0,1.25078584148814
-0.54,0.29,0.04,0,-1.07554391575697
-0.07,0.42,-0.83,0,-0.892665218588817
0.8,0.67,-0.19,1,-0.851978392983116
0.66,-0.18,0.99,1,-0.232177698500183
0.38,-0.41,0.62,0,-0.275985964857522
-0.93,-0.63,-0.6,1,-1.5935129814575
0.49,-0.34,-0.8,1,-0.574159565670039
-0.36,-0.72,0.66,0,-0.115399611753993
0.32,-0.79,0.5,1,1.0309937275892
-0.07,0.5,0.79,1,0.874561626752092
-0.32,0.42,-0.14,0,0.413400574027088
0.29,-0.1,0.71,1,-3.42026730767305
0.5,0.11,0.8,0,-0.0677737429877491
-0.18,0.23,0.75,1,1.13204723940704
-0.01,0.47,-0.84,0,-1.64663547230504
-0.16,-0.13,0.8,1,-2.2546189860255
-0.73,-0.35,-0.19,1,-2.36228052246274
0.74,-0.86,0.65,1,0.704089954135629
-0.1,0.26,0.05,1,-1.23846108925024
0.47,0.68,0.08,1,0.570027791510353
-0.82,-0.63,0.49,0,-2.32883964150677
-0.26,0.09,0.42,0,-0.202652145074032
0.34,0.22,0.64,0,0.554430114457017
-0.05,0.87,0.36,1,0.760300015620935
0.22,0.99,0.36,1,0.566773715931509
0.51,0.92,-0.49,1,0.761856678735067
0.21,0.03,-0.57,0,0.694591092248112
-0.89,0.12,0.31,1,-1.4038340221189
0.25,-0.78,0.52,0,-2.13956135368929
0.6,-0.19,-0.81,0,-0.0950699635089001
-0.08,0.03,0.45,0,0.895914308308825
0.83,-0.99,-0.34,0,-1.67327766063955
0.11,-0.05,0.87,1,0.604114620620199
-0.45,-0.01,-0.78,0,-1.24913084295783
0.65,0.13,0.52,1,1.52445005170168
0.04,-0.12,-0.6,0,-1.04922179750587
0,0.13,0.15,1,1.37582190701174
-0.88,0.85,-0.5,0,0.319156479141635
0.88,-0.35,0.12,1,1.44283179701124
-0.1,-0.46,0.97,0,-1.50640073306728
-0.9,-0.11,-0.86,1,-2.0411381454059
0.21,0.73,-0.75,1,-1.41330435577262
0.45,0.82,0.88,0,-0.359409413915195
-0.55,-0.53,-0.18,0,-0.979104898896783
0.65,0.44,-0.68,1,0.84117383893643
-0.08,-0.31,-0.3,0,-0.0332753949099627
0.11,-0.23,0.53,0,1.44639787563701
-0.65,0.22,0.02,1,0.660004135665013
-0.08,-0.9,-0.32,0,-1.82168561556039
-0.07,0.58,-0.91,1,-0.930131009132398
0.85,0.46,-0.63,0,1.80424549389255
-0.19,-0.13,-0.43,0,0.29043759629564
0.18,-0.07,0.16,1,-2.22756087422936
0.38,0.72,-0.75,1,0.169142669905108
0.65,0.2,0.06,1,1.20354243117648
0.55,0.89,0.73,1,-0.273786680452397
0.51,0.12,-0.46,0,-1.16920222898271
0.9,-0.19,0.13,1,-0.447571945961772
0.54,0.67,0.68,0,1.26765650538364
0.6,-0.76,0.76,0,1.38327187786736
0.2,-0.96,-0.65,0,-0.836092901799779
-0.32,-0.06,0.51,1,-1.29817693910642
-0.22,-0.2,0,0,-1.0223359381118
-0.15,0.69,0.87,0,0.90979933574217
0.2,-0.83,-0.57,1,-0.990886767398171
0.92,-0.45,-0.48,0,0.301018704551322
0.55,-0.58,0.22,0,0.84762198057182
-0.77,0.04,-0.76,0,-0.416148488866347
0.48,-0.4,-0.63,0,0.00807021007275688
-0.09,0.45,-0.33,0,-1.62636615136998
-0.58,0.25,-0.19,0,-1.83308472981466
0.98,-0.22,0.16,0,-0.302488257715399
-0.64,-0.48,0.22,0,-2.75727196869698
-0.29,-0.5,-0.68,0,-1.20397966555658
-0.88,-0.65,0.99,1,0.183963678341755
-0.77,-0.17,0.4,1,-4.94300059667358
-0.77,-0.54,-0.63,0,-0.970612108018476
0.22,0.6,-0.5,0,-0.332661654123509
0,0.16,-0.2,1,-0.404805921692995
-0.79,-0.87,0.29,1,-0.534022561167982
-0.25,-0.63,0.12,1,0.223353786260951
-0.85,-0.64,-0.32,1,-1.32426937860535
-0.43,-0.47,-0.14,1,-2.5290246677551
-0.17,-0.55,0.75,1,-1.20084478286297
-0.34,-0.37,0.13,0,-2.60323406227759
-0.76,-0.84,-0.61,0,0.0178939083669771
-0.5,0.78,0.62,1,-1.8118816115763
-0.36,-0.52,-0.11,1,-1.96218051521694
0.78,-0.77,-0.39,0,-2.38295244416957
0.79,0.99,-0.46,1,0.549747800170284
0.87,0.08,0.71,0,0.0738720953604041
0.95,-0.79,0.21,0,-1.28431588288433
-0.73,-0.91,0.67,0,0.89997182312468
-0.52,-0.86,0.58,0,-0.403055649021521
-0.99,0.73,-0.38,0,-2.77466588717424
-0.34,-0.74,0.43,0,0.0529752513846984
0.3,-0.65,0.69,0,0.726840160618316
0.2,-0.38,-0.46,1,-0.62271641718308
-0.6,-0.07,0.5,1,-1.31167555667021
-0.7,-0.84,0.65,0,-1.28005081534486
0.35,-0.93,0.84,0,0.256161217607744
-0.02,0.6,0.35,0,-1.14761910609812
-0.1,-0.11,-0.98,1,-2.28578012802437
-0.71,-0.14,0.06,0,-2.26400725819239
-0.61,-0.91,0.38,1,-1.38605416500951
-0.59,-0.87,-0.57,0,-1.54934370488358
-0.44,0.63,0.66,0,0.175056524142745
-0.1,-0.52,0.55,0,-0.165944474507179
0.79,-0.14,-0.61,1,1.10718259798557
-0.07,-0.2,-0.86,1,-1.31674722886623
0.1,0.71,-0.62,1,0.106733760160933
0.59,0.07,-0.95,0,0.937442042805208
-0.42,0.62,0.76,0,-0.97046041309898
-0.31,0.7,-0.35,0,0.186301281506807
0.25,0.04,0.09,0,0.250514341017587
0.43,-0.16,-0.83,0,-0.279821765831117
0.32,-0.06,0.58,1,-1.1475122609899
-0.91,-0.89,0.23,1,-1.01559355355701
0.16,0.59,-0.18,0,-0.0352712517687455
0.21,0.34,0.9,1,0.744492070565236
-0.68,-0.26,0.43,0,-0.258504255581207
0.6,-0.41,-0.4,1,0.53149857361656
0.5,-0.96,-0.23,0,0.324563901793506
-0.05,-0.73,-0.2,0,-3.58604346110731
0.12,-0.5,-0.73,1,-1.68631683271005
-0.11,0.74,0.55,1,-0.190791409823656
-0.42,0.65,-0.57,1,-2.53035332917593
-0.31,-0.7,-0.9,0,-1.02146037025746
0.58,-0.39,0.9,1,-0.00951131710593139
0.12,0.76,-0.87,0,0.846402291182828
0.18,-0.72,-0.71,1,-0.53108441965095
0.59,-0.12,0.93,0,0.251197630639273
-0.87,-0.35,-0.09,0,-1.22707658328735
0.65,0.66,-0.4,0,1.632654447469
0.05,0.01,0.28,0,-0.538380835242047
0.19,0.53,-0.18,0,0.191405996978282
0.13,-0.15,-0.18,0,-1.84184820600392
-0.39,-0.16,0.81,1,-1.13327789556385
-0.64,-0.65,0.36,0,-1.15018029391692
0.92,0.95,0.56,0,1.70230734251053
0.7,0.83,0.72,0,0.420329435032086
0.67,0.43,-0.94,1,2.54913591283094
0.44,0.19,0.79,1,1.28195038164594
-0.64,-0.49,0.76,0,-1.03586125114993
-0.98,0.11,-0.97,1,-1.67425518655076
0.16,-0.17,-0.36,1,-0.483001788754894
0.55,-0.21,0.78,1,-1.28303218505171
-0.9,-0.15,-0.57,1,-2.70355458910605
-0.98,-0.55,-0.83,1,-1.61041340715707
-0.9,0.82,-0.91,0,-2.50823988798299
0.15,0.55,-0.7,0,-0.0572811918566369
-0.59,0.8,-0.95,0,-1.56880206226867
0.12,0.17,-0.83,0,0.884810785762205
0.03,0.87,0.07,1,-0.0230705584272782
0.38,-0.52,-0.25,0,-2.18013390940011
-0.43,0.95,0.6,1,0.120267787558049
0.86,-0.38,0.95,0,0.672740926778188
0.78,0.25,-0.91,0,-0.429324761899199
0.45,0.85,0.78,0,0.253414372185181
0.96,0.07,-0.88,0,-1.04114216661165
-0.25,-0.61,0.17,1,-0.105379158597402
0.64,0.71,0.61,1,-1.60910629914289
-0.16,0.77,0.79,1,-1.25037747858563
0.79,0.48,0.26,1,1.58350884140127
0.36,-0.46,-0.05,1,-0.370306525169803
0.61,0.49,0.37,1,1.69296384183975
-0.26,-0.69,-0.01,1,-0.257675409556067
0.73,-0.11,-0.61,0,2.30094410422706
0.87,0.02,-0.2,0,-0.539463174736328
0.99,0.81,-0.36,0,2.32611616866609
-0.45,0.04,-0.42,1,-2.64677629018409
-0.51,0.45,-0.83,0,-2.11131645830934
-0.86,-0.41,0.16,1,-3.3841873420278
-0.77,0.71,0.38,1,-3.67569552229149
-0.79,0.51,-0.69,1,-0.215096674461545
0.99,-0.09,-0.35,0,1.37370332012997
-0.12,-0.48,-0.02,0,0.50526649842358
-0.43,0,-0.6,1,-1.93392144145772
-0.1,-0.3,-0.66,1,-1.8634594229861
-0.81,-0.63,0.51,1,-0.0295238814948573
0.52,-0.32,-0.43,0,0.791529788153812
-0.71,0.61,-0.42,0,-0.470863226427729
0.74,-0.34,0.57,1,-0.0751803846013525
0.55,-0.8,0.58,0,-1.34017322231664
0.14,-0.47,-0.94,0,-0.56731380380975
-0.41,-0.82,-0.27,0,-1.5794938148737
-0.33,0.38,0.66,1,-0.576977466092762
-0.31,0.8,0.13,1,0.099100747705225
-0.77,-0.4,0.21,0,-2.10840373738129
-0.24,-0.99,0.22,1,-0.983333091097875
0.89,0.27,-0.03,1,2.46915045777555
0.64,0.45,0.53,1,2.20417175641952
0.1,-0.59,-0.66,0,-0.525695603783876
-0.05,-0.77,-0.31,1,1.912330016288
0.13,-0.35,-0.39,1,-0.960880246480409
0.62,0.71,0.7,1,-0.462063329619165
0.47,-0.29,0.29,0,0.0145115358356454
0.07,0.24,0.41,0,0.482129245609249
0.72,0.36,-0.32,1,-0.75599556539483
0.75,0.06,0.95,1,1.21256050133765
-0.51,-0.48,-0.35,1,-1.69380752504832
0.59,0.43,-0.77,0,-0.164600873898005
0.12,0.48,-0.72,1,-0.119298229948964
0.39,0.19,-0.32,0,-2.10280636020706
-0.7,0.1,-0.98,1,-0.859978462963087
0.53,-0.41,0.35,1,-0.337797452177871
-0.36,0.51,0.03,0,-1.08842850076637
-0.93,-0.76,-0.21,0,-4.73741872259051
0.89,-0.82,0.6,0,-0.251212736897843
-0.09,0.11,0.69,1,0.382632527800957
-0.31,0.03,0.99,1,-0.536779453182282
-0.3,-0.39,-0.34,0,-1.7056974289548
0.4,0.03,0.62,0,0.422645288041923
-0.88,0.46,-0.26,1,-2.32979964487785
0.11,0.47,0.31,0,0.637281047319464
0.14,-0.73,-0.17,0,0.0497323751931337
0.53,0.88,-0.34,1,0.90599630598618
0.46,-0.9,-0.09,0,0.281846270365293
-0.73,0.15,-0.94,1,-1.34511021567508
0.43,0.35,0.07,1,1.12507016613917
-0.03,-0.43,0.77,0,0.731073371694845
-0.51,0.82,-0.8,1,-1.38888509391636
0.67,-0.19,-0.3,0,0.33188303266061
0.28,0.21,-0.34,0,1.06217971095465
0.34,0.58,0.84,1,-0.556599515971356
0.31,-0.23,0.71,0,-0.066736728398542
0.03,0.22,-0.84,0,0.689509002637247
0.93,-0.02,0.89,0,0.437210305432293
0.57,0.16,-0.26,0,0.206998344795402
-0.74,0.76,0.23,1,-2.30569995903916
0.86,0.32,-0.26,1,3.01075764660553
0.51,-0.43,-0.88,0,-0.333574017632379
-0.16,0.58,-0.5,1,-1.01451338168702
-0.27,0.05,0.85,1,-0.997205114136383
0.68,0.1,-0.67,1,0.538322312038573
0.2,-0.04,0.75,1,-1.81290409624684
-0.71,0.36,0.34,1,-0.102900216449444
-0.74,0.07,-0.03,1,-0.310417515500356
-0.96,0.09,-0.13,0,-2.79138430955247
-0.62,0.72,0.3,0,-0.26864527136221
-0.98,0.21,-0.15,1,-0.612480941372337
-0.88,0.34,0.73,0,-0.795678999959794
0.65,0.88,0.22,1,0.367915504183469
-0.07,0.12,0.61,1,1.95748036682839
0.3,0.12,0.42,1,1.15355418350799
0.17,-0.89,0.75,0,0.851812622880157
-0.59,-0.16,0.39,1,-1.74131090464185
-0.2,-0.04,-0.83,1,-0.830366291424918
0.7,-0.87,0.78,1,0.538231172309877
-0.61,0.45,-0.82,1,1.56392441012927
-0.59,0.8,-0.68,1,-2.19987259198447
0.46,0.24,-0.25,0,-0.49247586786043
-0.67,-0.48,-0.65,0,-1.22258285008036
0.64,-0.66,-0.64,0,0.0271801784379248
-0.53,-0.53,-0.09,0,-0.598254077211039
-0.22,-0.48,0.65,1,-1.91525780793677
0.53,0.21,-0.17,1,1.18039806960907
0.84,-0.52,0.52,0,1.81029327787333
0.33,-0.44,0.39,0,-0.755917703042759
-0.81,-0.68,-0.05,1,-1.52136346064455
0.76,-0.22,-0.88,0,0.496222274222577
0.52,0.65,-0.54,0,-0.423035147367036
0.39,-0.72,-0.24,1,1.76979925412594
0.57,0.64,-0.91,0,0.539468288927292
-0.59,0.82,-0.09,1,-1.81727734105888
-0.6,0.59,-0.46,1,-3.37054078894262
0.52,0.99,0.07,1,0.386042466227658
0.44,-0.45,-0.86,1,1.4022789900504
0.41,-0.99,-0.81,0,-1.11390515559225
0.51,-0.13,-0.52,0,0.443378782982205
0.07,0.05,0.14,0,-1.28774761696948
0.76,0.34,-0.22,1,-0.00237511375202759
-0.7,0.04,-0.2,1,-0.631911643185741
0.29,0.64,-0.01,0,1.55632679629708
0.47,0.79,0.9,1,-1.64296347051267
-0.62,-0.02,0.39,0,-0.166930751778603
-0.55,0.51,-0.27,0,-0.545067529321633
-0.41,-0.26,0.78,0,-1.17218731085914
0.6,-0.41,-0.77,1,1.17745818843716
-0.38,-0.98,0.22,0,-2.309144961456
-0.4,0.02,0.42,1,-0.956106065277538
0.69,-0.16,-0.96,0,0.490505546538097
0.17,0.43,0.18,1,-0.632694729867759
-0.45,-0.57,-0.58,1,-0.102252902648736
-0.04,-0.9,0.51,0,-0.951153381934486
-0.75,0.35,0.58,1,0.762165298804052
-0.44,0.04,-0.82,1,-1.16060692892681
0.39,-0.35,-0.14,1,-1.67612246099512
-0.05,-0.07,-0.04,0,-1.93751483313352
0.61,0.46,-0.38,1,-0.593376005206984
-0.06,0.75,-0.67,1,-1.56505709397393
0.97,-0.18,0.67,0,-1.42527595919716
-0.22,0.38,-0.7,0,-2.29956853741809
0.58,-0.58,-0.08,1,2.5004552432528
0.89,-0.46,0.68,1,0.381991889229512
-0.01,-0.97,0.67,0,0.563620673161432
-0.55,0.59,0.9,1,0.353165252159174
0.13,-0.62,-0.24,0,-0.632515429406372
0.35,-0.72,-0.26,0,-0.58437938366239
-0.64,0.32,0.49,1,-0.0517295016093303
0.49,0.7,0.44,0,1.1517395067307
0.97,-0.36,-0.29,0,1.0041248449644
-0.55,0.94,0.15,1,-3.19332513246077
-0.56,0.28,0.39,1,-0.0533167611846236
0.81,0.77,-0.86,1,0.462981905545371
0.1,-0.99,0.34,0,-0.963018481053399
-0.79,0.66,0.38,0,-0.620240475568214
0.56,0.11,-0.09,1,1.89782813087375
-0.45,0.21,-0.22,0,-1.05861309875646
-0.88,-0.18,0.82,0,0.313182310370475
0.73,-0.37,-0.77,0,0.266619354870756
0.66,-0.24,-0.02,1,-2.22972098099881
-0.21,-0.31,-0.32,0,-1.14816529203373
0.24,0.72,0.29,1,-0.107652782599743
0.24,-0.58,0.88,0,-0.123320883236403
-0.12,0.26,0.67,0,-1.66098301292582
-0.78,-0.78,0.7,0,-3.34395251169133
0.36,0.15,0.33,1,0.954969986210218
-0.63,-0.78,0.8,0,-0.592693066147086
-0.36,0.96,-0.21,1,-1.57969061593701
-0.06,0.05,-0.91,0,-0.430322731183843
-0.98,-0.17,-0.86,1,-2.60854894076938
0.18,-0.95,-0.62,0,-0.00637390760665846
0.5,0.52,0.74,1,1.19411927576674
-0.9,0.08,0.62,0,-0.928721221176573
-0.35,-0.27,-0.96,0,-2.8390037041717
0.36,-0.68,0.43,0,-0.859128148093858
0.87,-0.41,0.45,1,1.05745205894539
-0.44,0.01,-0.78,0,-0.717133280785201
-0.61,0.6,-0.78,1,-2.83468948914561
0.79,0.82,0.14,0,1.06101114488487
0.51,-0.12,-0.05,0,-0.158964510579775
0.26,-0.48,0.28,0,0.868308324922076
0.43,-0.53,-0.07,0,-0.390009365278642
-0.68,0.5,0.85,1,-1.40316903012793
-0.04,-0.26,-0.92,0,-1.20645483190934
-0.91,0.21,0.06,0,-2.16443451408711
-0.75,-0.15,-0.49,1,-1.3632655638683
0.95,0.78,-0.86,0,0.747187853607552
0.15,0.37,-0.8,1,-0.204238448290085
-0.99,-0.81,0.16,0,-1.44839609919849
-0.82,0.01,-0.72,1,-1.01925735501203
0.64,-0.7,0.65,0,-0.436912468569384
-0.55,0.1,-0.16,1,-1.04070363713722
0.54,-0.7,-0.44,0,-0.50118801450848
-0.53,0.93,-0.36,1,-3.36565147951746
-0.3,0.52,0.85,1,-0.404896812206857
0.79,-0.92,0.54,0,0.0345622275156779
-0.74,0.88,0.6,1,-1.93658630472285
-0.89,-0.28,-0.69,0,-2.7581932583223
-0.47,-0.25,-0.47,0,-0.170642896565081
-0.61,-0.08,-0.57,0,-1.77859083787552
-0.22,-0.73,-0.93,1,-0.346581385806246
-0.83,-0.83,0.03,1,0.838094275745139
-0.62,0.3,-0.5,0,-1.71183369538641
0.31,0.99,-0.94,1,-0.553528413575095
-0.37,-0.06,0.24,0,-0.674121259068535
0.39,-0.4,-0.13,0,-0.634391611599252
-0.78,0.32,0.95,1,-0.812869386734957
0.92,0.7,-0.2,0,1.1197715393881
0.08,-0.1,-0.87,1,-1.04942880150562
-0.54,-0.41,-0.66,0,-2.51762563331733
-0.62,0.3,0.13,0,-2.31175085443847
0.9,-0.56,-0.42,0,0.592233241445688
-0.59,0.18,-0.98,0,-2.13346864214775
0.39,-0.68,-0.9,0,-1.67542506004735
0.45,-0.74,-0.57,0,0.645218070672557
0.17,-0.71,-0.57,0,-0.7800158478304
0.97,0.75,0.78,0,0.539427092365222
0.57,-0.99,-0.31,0,0.25553811942751
-0.99,-0.95,0.9,0,-0.390699476170508
-0.68,0.57,-0.36,0,-0.017890025890726
0.51,1,0.85,1,0.00827848931382391
-0.17,-0.33,-0.54,0,-1.60302902571839
-0.19,-0.81,-0.6,0,-0.958273944493135
-0.49,0.14,-0.97,1,-2.0501778658695
0.63,0.03,0.26,1,0.343415035058061
0.97,-0.23,0.11,0,0.373707258848248
-0.77,-0.9,-0.83,0,-2.03441813199897
-0.58,0.16,-0.78,1,-0.456239655636263
0.55,-0.35,0.63,1,-0.286834827696054
0.07,-0.64,-0.2,0,0.0806612422291582
0.33,0.68,-0.82,1,-0.868898897286112
0.38,-0.18,0.04,0,-1.02785811551508
0.16,-0.4,-0.73,1,-1.38781435011758
-0.97,0.37,0.31,1,-1.15768941601343
0.47,0.34,0.59,1,1.43591748721478
0.48,0.34,-0.09,0,1.60399019747618
-0.63,0.98,0.24,1,-0.441673175172262
-0.94,-0.04,-0.43,0,0.200580358631409
-0.38,0.58,-0.59,1,-0.324705822946987
0.32,-0.9,-0.68,0,0.960074528647893
-0.26,0.28,-0.99,1,-1.42926164916776
-0.92,0.46,0.7,1,-1.89875009783486
0.4,0.81,0.61,1,-0.79806083177574
-0.49,0.48,0.05,0,-1.04508109375272
-0.39,0.61,0.08,1,-1.76960332547702
0.07,0.91,-0.75,1,-0.242300786552132
-0.93,-0.1,0.04,0,-2.72914914943113
-0.51,-0.91,-0.94,0,-2.27446516320615
0.71,-0.1,-0.71,0,-0.609814221798541
-0.78,0.24,0.36,0,-1.42643872621602
-0.84,0.3,0.95,1,-0.978343464685907
0.94,-0.1,0.23,0,1.66212707053266
0.74,-0.24,-0.05,0,0.873873233405475
0.17,0.79,0.72,1,-0.36423213788727
0.17,0.32,0.68,0,-1.38102814138869
0.95,0.14,0.72,1,4.91528762938181
-0.19,0.35,0.4,1,1.25404275173327
-0.5,-0.78,0.98,0,0.137884521725858
1,0.58,0.46,0,-0.963384721798052
-0.38,-0.51,-0.8,0,-1.59765129311794
-0.24,-0.33,-0.72,0,-0.352872471639085
0.95,0.42,-0.78,0,0.813953658262852
-0.32,0.23,0.54,1,0.898247732872807
0.04,-0.62,-0.87,1,0.26406571420501
-0.15,0.06,-0.56,1,-0.930016200600775
-0.03,-0.98,-0.45,0,-1.40576989849901
-0.96,-0.11,-0.48,0,-2.58526938372331
0.77,0.94,0.56,1,2.01231125056876
-0.42,-0.34,0.93,0,-2.75495921590421
-0.48,0.27,0.32,1,-0.277505737021873
0.33,-0.08,-0.95,0,0.317077556671369
-0.82,0.57,0.67,0,-1.04170368700804
0.56,-0.94,0.11,0,1.07375731996683
0.28,-0.56,-0.83,0,0.0924931781553648
-0.59,0.79,0.31,0,-1.46773782212938
-0.35,-0.26,-0.01,0,-1.04287780670096
0.87,-0.43,0.79,0,0.403531153249758
-0.11,-0.97,0.37,0,-0.714888548608225
0.32,0.4,0.54,0,-0.346160505923408
0.4,0.9,0.12,1,-0.618859093659186
0.78,-0.98,0.8,0,-0.232372515021683
-0.89,0.55,0.78,0,0.0313471710054395
0.56,-0.06,0.1,1,1.09548603420097
-0.88,-0.66,-0.6,1,-2.08919178818052
0.47,0.31,-0.77,1,1.11409987952662
0.76,0.19,0.47,1,0.805118053003444
-0.47,-0.81,0.99,0,-1.83617882913922
0.01,0.44,0.12,1,-0.472311261820583
-0.34,-0.5,0.15,0,-2.36172226320794
0.69,-0.68,0.32,0,-2.06141501721717
-0.12,-0.99,-0.66,0,-0.544997872470864
-0.12,-0.67,-0.89,1,6.7993548091283e-05
-0.68,-0.29,0.73,0,-1.93771587891604
0.41,0.46,0.6,1,1.73176566027714
0.89,0.64,0.69,0,2.72771925143842
0.35,0.34,0.53,0,-2.3710144848278
-0.31,0.93,0.5,0,0.955255080717415
-0.58,0.58,0.1,0,0.467893654420767
0.23,0.52,-0.88,0,-0.121896837316191
0.78,-0.2,-0.27,0,-0.424083809187372
0.83,-0.45,0.71,1,-0.677610358720786
0.61,-0.37,0.89,1,-1.11169890883439
0.27,0.91,0.07,1,-0.791527052733089
0.14,0.68,-0.16,0,-2.1739314308429
0.67,0.96,-0.19,1,0.0330517527127151
-0.02,0.37,0.32,1,1.46676205374087
0.66,-0.51,0.33,0,-0.75090014593259
0.98,0.41,-0.42,1,3.15003165787713
-0.61,0.45,0.34,1,-0.829032266616579
-0.9,-0.97,-0.14,0,-1.8159712938533
-0.39,0.05,-0.74,1,-0.497511959627635
-0.68,-0.93,-0.99,1,-2.79522461314207
-0.22,-0.33,0.38,0,-1.54504561964298
0.91,-0.36,-0.68,0,-0.397558467232642
-0.5,-0.87,0.93,0,0.616879494410537
-0.14,-0.15,0.76,1,-0.939466336044653
0.85,0.93,0.21,0,0.783529826911285
-0.92,0.63,-0.24,1,-3.48256406123707
-0.43,-0.61,0.64,0,-1.13043514652954
-0.3,0.16,-0.8,0,-0.567473909826731
-0.34,0.51,-0.99,1,-1.47541268878304
0.47,-0.49,-0.88,0,-1.42698436161748
0.19,-0.45,-0.19,0,-1.53841655379586
0.76,-0.69,0.28,0,-0.220911556074559
-0.56,-0.2,0.05,0,-0.80277988307979
0.38,0.98,-0.69,1,1.19759089585123
-0.68,0.25,0.77,0,-2.15945314019712
-0.45,0.63,0.99,1,-2.09284810282756
0.64,-0.59,0.04,0,-2.18979634418407
-0.88,0.36,0.78,1,-0.525430539030536
0.14,0.06,0.79,1,1.06122492641998
0.9,0.68,0.72,1,0.755293549909593
-0.84,-0.17,0.15,1,-1.44754449202887
-0.02,-0.11,0.1,1,-0.609019983792573
-0.38,0.04,0.51,0,-1.29412477372896
-0.45,-0.72,-0.74,0,-0.0853346420838024
0.11,-0.29,-0.73,0,-0.310605964571966
-0.4,-0.52,0.23,0,-0.513053114284552
0.2,-0.42,-0.1,1,-1.843588637979
0.64,-0.71,0.48,0,-0.320326705165156
-0.73,-0.08,0.95,1,-3.05365232047738
-0.85,0.99,-0.08,1,-1.43933016557482
0.7,0.6,-0.66,1,1.42911599274426
-0.27,-0.75,-0.58,1,-0.911531019844233
-0.03,0.47,-0.94,0,-0.511799780639906
0.79,-0.53,0.89,0,1.0759803359237
0.99,-0.51,-0.52,0,-1.5087080731648
0.42,0.35,0.32,1,-0.15934731886322
-0.19,0.06,0.97,0,-1.29651980262236
0.35,-0.23,-0.31,1,-0.874273141484261
0.63,0.08,0.88,0,0.514468946103936
0.16,-0.91,0.09,0,0.478746830517219
-0.98,-0.01,-0.21,0,-2.78244910020502
-0.53,0.19,0.49,0,-1.22706929432265
-0.73,0.89,-0.89,1,-4.15601794280429
-0.09,-0.7,0.71,0,0.891756171373262
0.01,0.47,-0.25,0,0.754328490744129
-0.6,-0.81,-0.94,1,-1.79802442102476
-0.51,0.63,-0.51,1,-2.08478845367848
0.58,-0.73,-0.85,1,0.607285428092006
0.12,0.4,-0.29,1,2.1761412440063
0.31,0.78,0.36,1,-0.480890533359668
-0.84,-0.42,-0.79,0,-1.37400171110994
-0.36,-0.12,0.45,1,-0.949974982961697
-0.76,0.65,0.93,1,-1.1552260497988
0.75,0.4,-0.62,1,-0.444274212999409
-0.92,0.26,0.89,1,0.255075035950899
0.86,-0.42,0.28,0,-0.690124899113763
0.95,-0.06,-0.28,1,0.411186874004352
0.69,-0.06,-0.91,1,-2.06391753420491
0.65,-0.58,0.7,1,1.09105670378004
0.67,-0.15,-0.36,1,-1.49205585988191
-0.33,-0.33,-0.17,1,-4.26626017233366
-0.38,0.94,0.69,0,-1.87554913055491
0.33,0.89,0.18,0,-1.09172213555102
0.72,1,0.1,1,1.66053163877836
-0.33,-0.36,0.6,0,-0.51956682308321
-0.77,0.46,0.55,1,-0.326236199873186
0.97,0.29,0.78,0,0.317089509183168
0.69,-0.74,-0.68,0,-0.202214540136723
-0.27,0.1,0.92,0,-0.0324038222036359
0.84,-0.32,0.11,1,-0.35688610142434
-0.86,-0.06,0.49,0,-2.34970620353609
0.3,-0.01,-0.88,1,0.747343076210679
-0.33,-0.84,-0.14,0,0.376015624374142
-0.07,0.25,0.02,1,2.54510292593947
-0.71,0.98,-0.42,1,-0.433785197991858
-0.41,-0.65,-0.69,0,-1.62920468320782
0.61,0.55,0.71,1,0.466285590014356
-0.81,0.36,-0.92,1,-1.34581689688228
-0.9,0.54,-0.45,1,-2.22655672502117
-0.18,0.43,-0.63,1,-0.369689352861259
-0.1,-0.49,-0.88,0,-3.08166335973404
-0.13,-0.25,0.95,1,-1.52377174961485
-0.39,-0.35,0.43,1,-1.70467213708112
0.77,0.32,-0.38,0,-0.634369853521111
0.82,-0.02,0.8,0,-1.20714797519533
-0.72,-0.94,-0.38,1,-2.15583609823049
-0.92,0.84,0.7,1,-5.21591748392654
-0.09,0.07,-0.41,1,1.37532640380815
-0.51,0.03,0.66,0,-0.106450183551027
-0.33,0.52,-0.52,0,-1.70267032007112
-0.12,0.41,0.96,1,0.363960970583891
-0.26,-0.37,-0.57,1,-2.14042280267184
0.54,-0.07,0.44,0,-1.52321336852687
0.49,-0.48,0.03,0,-1.1194343802655
-0.37,0.44,-0.3,1,0.408940391287054
0.03,-0.2,-0.13,1,-2.70087782302916
-0.18,-0.91,0.88,0,-1.6223957116156
0.08,0.93,0.52,0,-0.544084355854741
0.66,0.45,0.59,1,2.428069479849
0.35,-0.28,0.5,1,-1.1381452445501
-0.02,0.89,0.45,1,-0.033113243774005
-0.88,-0.09,0.34,0,-0.551566872896274
0.06,-0.75,-0.3,1,-0.255066799790761
-0.09,-0.82,-0.11,0,-2.16155138835598
0.71,0.62,0.28,1,0.444554671111296
0.09,0.68,0.19,0,-0.371542332051066
-0.76,-0.91,0.35,0,-0.167061509313404
-0.23,-0.37,0.73,1,-2.05991549066468
0.28,-0.57,-0.22,1,-0.315862802834243
0.58,0.88,-0.09,1,0.781190358672861
-0.48,0.08,0.97,1,-1.07082474626372
-0.85,-0.76,0.03,0,-1.73895054863691
-0.82,-0.1,-0.01,1,-1.87419423576086
-1,0.37,-0.93,0,-1.9982747005057
0.72,0.59,0.22,0,-0.63064881021411
-0.77,-0.89,-0.71,1,-1.36283229351515
-0.17,0.41,0.95,1,-0.00903506921067204
0.36,0.84,0.3,1,-2.31418306004673
0.43,-1,-0.39,0,-0.417421136822209
0.92,0.23,-0.86,1,1.86091395218366
0.5,0.45,-0.32,0,-1.54977127038153
0.88,0.71,-0.05,1,-0.334462664432685
-0.35,-0.73,0.3,1,-0.483009922130647
-0.84,0.47,-0.28,1,-1.97824944880588
-0.59,0.87,-0.53,1,-1.28612021831289
-0.6,0.94,0.6,1,-2.69417606596494
-0.45,-0.5,0.36,1,-2.27129277239113
0.72,0.95,0.34,1,0.398119581026523
-0.61,0.68,-0.48,0,0.529906395151572
0,-0.77,-0.41,0,-1.16325408881382
-0.14,-0.8,-0.69,1,-1.38766239169475
0.35,0.49,0.65,1,2.06626026671243
0.18,-0.84,0.28,0,-0.887175974126462
0.53,-0.56,0.24,1,1.00704841483639
0.29,-0.26,0.49,0,0.928794036869979
0.72,-0.17,0.05,0,0.559545392352493
0.29,-0.85,-0.67,0,0.464261526040878
0.9,-0.81,0.76,0,-0.567921271535216
0.84,-0.23,0.04,1,1.26350475243407
0.11,0.04,0.23,1,-1.82021038633959
0.27,0.08,0.52,0,-1.00936311397685
0.02,-0.83,0.75,1,-0.370153978807912
0.59,-0.33,-0.87,0,-0.102890448197588
-0.95,-0.51,-0.12,1,-2.62665810529602
-0.94,-0.38,-0.43,0,-1.17588901931143
0.56,-0.01,0.48,0,0.619029447291878
0.23,-0.22,-0.46,0,0.16086090857055
-0.11,-0.54,0.64,0,0.794461025169467
0.41,0.53,-0.53,1,-1.39166535234758
-0.84,0,-0.49,0,-0.517025019349918
0.88,0.15,-0.83,0,-0.0594657678618745
0.1,0.68,-0.23,0,-0.93210555068517
0.34,0.05,-0.36,1,-1.54101710754102
0.35,-0.37,-0.86,0,-1.44203689162567
-0.26,-0.69,0.05,0,-1.38947821914602
-0.81,0.3,-0.09,0,-3.12724447918985
0.32,-0.41,0.4,1,-1.00085958261284
-0.41,-0.23,-0.53,1,-1.87100851414466
-0.93,0.26,0.27,0,-2.51697041852965
0.11,0.2,-0.23,0,-0.363847402347942
-0.99,0.72,0.94,1,-3.67013948561766
-0.76,0.2,-0.46,0,-1.34968418523116
0.99,-0.77,0.36,0,1.10784979335908
0.02,0.5,-0.29,1,-2.48688227279419
-0.08,0.62,0.55,0,2.20141643226721
0.05,0.22,-0.4,0,-1.62775035555093
-0.3,0.05,0.53,0,0.324429718673155
0.88,-0.9,-0.46,0,1.87110159606188
-0.47,0.38,-0.17,0,-1.77482402327334
0.81,-0.82,-0.34,1,0.432372907339657
-0.34,-0.24,0.75,0,0.286650327997412
-0.54,0.77,0.83,1,-2.48561813198145
0.34,-0.85,-0.17,0,-1.59312073401099
0.92,-0.54,-0.66,0,1.5331192798267
-0.11,0.53,-0.05,1,1.16406148690165
0.51,0.21,0.63,1,1.30054800224309
0.09,0.8,0.01,0,2.27411019497527
-0.92,-0.08,-0.58,1,-0.672006457507897
0.95,0.99,0.13,1,1.32758794396988
-0.69,0.11,0.24,1,-1.58443514951798
-0.61,0.69,0,0,-1.43825531439733
-0.59,0.95,-0.64,1,-0.0089865309969428
0.81,0.62,-0.14,1,0.838469502367888
-0.13,-0.83,-0.72,1,0.192580848842344
0.79,0.14,0.83,1,1.76179347778883
-0.42,0.81,0.34,1,-1.36989693265862
-0.38,-0.39,0.73,1,-2.17193856997942
-0.78,0.31,-0.16,0,-0.0377632639235417
-0.41,-0.74,-0.6,1,-0.993024293820949
-0.79,0.14,-0.87,0,0.510862533827795
-0.67,0.61,0.56,1,-1.0826510953966
0.81,-0.52,0.53,0,1.19733322371712
0.6,0.52,0.54,0,1.99762393528371
0.14,0.65,-0.44,0,-0.21395337985611
-0.79,-0.4,-0.36,0,-3.36553109920023
0.11,0.33,0.11,0,-0.801633971769902
-0.55,-0.85,-0.83,0,-1.13074308774945
-0.04,0.15,0.28,1,1.61140421436809
-0.94,0.68,0.71,1,-2.05357022552695
0.55,-0.7,-0.77,0,0.308139358531807
-0.16,0.28,-0.06,1,1.30732868472101
0.41,0.64,-0.5,1,0.542579876317006
-0.89,0.01,-0.06,0,-0.655436155784744
0.28,-0.26,0.88,1,-1.1354537937145
0.35,-0.36,-0.44,0,0.562690164661559
0.99,-0.29,0.46,0,-0.0212219747604497
-0.24,-0.83,-0.39,0,-0.923451140546241
-0.37,0.75,-0.85,1,-2.44437387518994
0.33,0.39,-0.47,1,1.16424844705764
0.6,0.49,-0.25,0,0.77098539560201
0.67,0.95,0.65,1,0.760402488347655
0.8,-0.44,-0.75,1,-0.0858158137836172
0.15,0.74,0.7,1,-0.259310923857142
0.21,0.42,0.7,0,-1.00106448444332
-0.82,0.9,0.88,1,-0.583098351767966
-0.81,-0.61,-0.01,0,-1.34872571000323
0.09,-0.43,0.31,1,-0.36423065017387
-0.32,0.56,-0.23,1,-1.30654571504335
-0.6,0.96,0.17,0,-2.44744024995049
0.41,-0.58,0.69,0,0.575307195127445
-0.44,-0.16,0.2,1,-2.28442806550982
-0.41,-0.93,0.73,0,-0.537739340936285
0.35,-0.45,0.11,0,1.70593696163662
0.16,0.91,-0.98,0,-1.33462483797786
-0.24,-0.32,0.38,1,-0.457885645721781
-0.4,-0.3,0.49,1,-2.42157849790507
0.21,-0.14,0.1,0,-0.388310463280677
0.42,0.49,-0.31,1,-0.187427572908479
-0.12,0.81,0.47,0,-0.572500477357612
0.82,-0.74,0.52,0,-1.04413957757586
-0.39,-0.89,0.8,1,-0.526335087523201
-0.52,-0.11,-0.6,0,-0.782136100828868
0.34,-0.06,-0.21,0,-0.439525215206436
-0.76,0.49,0.47,1,-2.81049593042897
0.5,0.86,0.77,0,0.258240953780589
-0.49,0.68,-0.61,1,-1.57001481066085
-0.49,-0.08,-0.69,1,-2.68447307816224
-0.09,0.5,0.25,1,-0.900065230419111
-0.3,-0.61,0.02,0,-2.26862661786167
-0.53,0.44,-0.78,1,-0.349418801243483
-0.32,0.2,-0.3,1,-0.687582432706587
-0.8,-0.18,0.06,0,1.79593764721646
0.14,0.05,-0.11,1,1.0240564117331
0.92,0.3,0.96,0,0.692012680348622
-0.9,-0.26,0.52,0,-1.37158352773239
-0.41,0.55,0.78,0,-1.11830198317441
-0.27,-0.63,-0.2,0,-0.863661971691975
0.66,-0.82,0.63,1,1.18110894957963
-0.39,-0.81,0.95,0,-2.73970022640833
-0.66,-0.15,-0.7,0,-3.2884736164092
0.68,-0.72,-0.83,1,1.49449028213894
-0.32,-0.52,0.81,1,-3.18960433725232
0.08,-0.07,-0.25,1,-1.29609136528465
0.32,-0.83,0.61,0,1.24316490019156
0.44,0.33,-0.48,1,-0.60554836897167
-0.14,0.76,-0.42,1,-1.15929706264668
0.86,0.01,0.23,1,2.49669195872272
0.58,0.74,-0.26,1,0.175920168333776
-0.13,-0.12,0.4,0,0.715902401063944
0.39,-0.23,-0.46,0,-1.33051475355971
0.53,-0.52,0,0,0.402389354506734
0.1,-0.51,0.59,0,-0.29492133235368
-0.57,-0.48,0.3,0,0.130116116923735
-0.2,0.71,-0.61,1,0.89074451031562
0.93,-0.45,-0.29,0,0.232661697081465
-0.82,0.04,-0.27,1,-0.446569748831164
-0.01,0.39,-0.51,1,-0.238285881444274
-0.58,-0.55,-0.74,0,-1.93606971435447
-0.36,0.74,-0.85,1,-2.47581495834473
-0.76,-0.35,0.53,0,-2.63067498027566
0.95,0.38,0.45,0,0.848338862062263
-0.13,-0.97,-0.87,1,-1.29260721540641
0.47,0.76,-0.7,1,0.0988431555530955
0.01,-0.27,-0.78,1,-2.06103365912066
0.76,0.36,0.79,0,-0.238584933773484
0.48,0.98,-0.88,1,0.192228225633523
-0.64,-0.43,-0.3,0,0.395210487821387
-0.44,-0.25,-0.47,0,-0.75546874400936
0.49,-0.06,-0.91,0,-0.0382063223392945
-0.61,-0.61,0.23,0,-0.289623582002928
0.46,0.66,0.17,1,1.51872635355224
0.02,0.61,-0.83,1,0.659395226349959
0.7,-0.91,0.11,0,-0.653428933937455
-0.22,0.3,0.86,1,0.44977965191004
0.89,-0.95,0.79,0,-0.211225044500591
-0.04,0.33,0.16,0,-0.527990473036902
-0.71,0.17,0.5,1,-0.00241139011979918
0.99,-0.44,-0.35,0,-0.314941984802211
-0.89,0.95,0.1,0,-2.0505251801267
0.71,-0.25,0.05,1,-0.783943971290577
0.69,0.66,0.37,1,1.58150672640702
-0.51,0.39,0.32,0,1.13387387225315
0.21,0.54,-0.88,0,-0.687231504462783
0.61,-0.72,0.14,0,0.618968315956171
0.33,0.24,-0.29,0,-0.266134902412641
-0.53,0.5,0.2,0,-0.841526886798373
-0.51,0.84,-0.85,1,-2.61860121030248
-0.91,0.36,0,1,-2.49292055601862
0.31,-0.13,0.45,1,1.1081077690257
0.8,-0.66,0.3,0,0.861116813864507
-0.14,-0.62,-0.79,1,-2.36471762157948
0.11,0.22,-0.09,0,-0.654418726275447
0.26,0.32,0.15,0,1.51931592932965
0.05,-0.6,-0.19,0,-0.7005072068141
0.16,0.88,-0.21,1,-0.375038185258208
-0.52,0.05,-0.87,1,-0.357755038484111
-0.63,-0.71,-0.26,0,-0.572485388246726
0.79,0.18,0.78,1,2.54140926411082
-0.25,0.99,-0.52,1,-0.183575033973276
0.15,-0.47,-0.45,0,0.754939064834723
0.23,0.6,-0.82,1,1.02068682161905
0.81,-0.7,0.6,1,1.72441611824447
-0.16,0.34,-0.87,1,-0.194788956558622
0.27,-0.48,-0.45,0,-0.592854244727654
0.36,-0.61,-0.22,0,-0.161277336745036
0.43,-0.33,0.79,0,-0.675644642409865
0.95,0.09,0.5,1,2.29800947417639
-0.61,-0.2,-0.63,0,-2.68843803526936
0.15,-0.22,-0.3,1,0.768780004245788
0.19,-0.42,-0.39,0,-3.12041935897588
-0.17,0.24,0.18,1,0.589861007134036
-0.71,-0.51,-0.07,0,-1.54490414765448
0.51,-0.9,0.77,0,0.33845229730498
-0.98,0.55,0.03,1,-2.40549059647925
0.5,-0.97,-0.46,1,2.21678647489933
0.65,-0.78,0.51,0,-0.231220939442354
-0.42,-0.01,-0.17,0,-0.952603557165362
0.85,0.6,0.89,0,2.04112194136023
0.88,0.59,-0.51,0,1.21977449047275
0.32,0.45,0.6,1,0.874924473069295
-0.31,0.53,0.21,1,-0.993984144991513
0.21,-0.48,-0.08,0,-0.788528047352685
0.64,0.73,0.47,0,-0.708930692837048
0.3,0.74,-0.07,1,-0.0690706499077952
0.16,-0.62,0.33,0,-0.103729847483464
-0.93,-0.13,-0.93,1,-4.01201048587816
0.25,-0.15,-0.91,1,-1.46930256899872
-0.67,-0.2,0.4,1,-1.14876564600304
-0.16,0.82,0.67,1,0.240265760795859
-0.49,-0.31,0.49,0,-2.21916135819236
-0.72,0.04,0,0,-0.397978093450379
-0.15,0.1,0.88,1,0.303615952995081
0.1,0.81,0.01,0,0.396514857183542
0.28,-0.44,-0.46,0,-1.45019617321139
0.35,-0.7,0.67,0,-0.506086990008975
0.78,-0.95,-0.79,1,-1.79139569459711
0.7,0.18,-0.06,1,0.787703735351523
0.88,-0.69,0.04,1,1.11015436151283
-0.78,0.68,-0.6,1,-1.11140941893281
0.03,0.12,-0.59,0,-1.64565985505511
-0.3,0.31,0.47,1,0.577496671723468
0.48,0.88,-0.77,1,-0.165573919095914
0.14,0.83,-0.67,0,-1.50939225057112
-0.21,0.54,-0.58,1,-0.685166015861253
0.21,-0.4,-0.23,1,0.538914198141352
0.13,0.65,-0.1,1,0.121023251946914
-0.83,0.64,-0.11,1,-1.09708301076497
0.63,0.36,0.33,0,0.195304099306154
-0.43,-0.42,-0.56,1,-1.04691476935172
0.36,0.6,0.4,0,-2.09080962953567
-0.41,-0.52,0.18,0,-2.36925860935484
-0.38,0.85,0.6,1,-1.44886494600791
0.08,0.78,-0.02,0,0.0725115929010881
0.49,-0.7,-0.1,0,0.126920454312649
0.66,-0.93,-0.51,0,0.263634385944806
0.6,-0.9,-0.77,0,-1.0409438327763
0.45,0.3,-0.82,1,0.548444969783979
-0.48,-0.04,0.23,1,-1.76896520941833
-0.56,0.63,0.31,1,-2.22273459926512
0.39,-0.68,0.21,0,-0.511702698398065
-0.3,0.14,-0.32,0,0.0515523278606351
0.66,-0.91,-0.37,0,0.0573469136060209
-0.29,-0.87,0.91,0,-1.39136533632945
0.58,0.28,-0.17,1,0.748869958231886
-0.38,0.4,-0.03,1,-0.395667541298086
-0.14,-0.81,-0.14,0,-1.29499991256713
-0.78,-0.42,0.45,1,-1.00744526187349
0.59,1,0.26,1,-1.30743569901944
-0.54,-0.8,0.04,0,-2.40145266904835
0.82,0.05,-0.79,0,0.729190259045578
-0.64,0.86,-0.27,0,-0.128438327702115
-0.68,0.54,0.09,1,-2.1226801358851
-0.3,0.25,0.83,1,0.215262931445716
-0.97,0.55,0.8,1,0.0478946527667934
0.64,-0.21,-0.01,0,-1.06677841489441
0.64,-0.68,-0.9,0,1.30774209175325
-0.95,-0.2,-0.15,1,-2.70411210815058
-0.57,-0.05,-0.47,1,-0.780440572743381
-0.74,-0.75,-0.34,0,-2.24328078500674
-0.54,-0.72,0.63,0,-2.3312125363024
-0.79,0.99,0.92,1,-0.57853102546258
0.56,0.31,0.99,1,2.14308328889195
-0.99,-0.96,-0.08,0,-2.41915364905058
-0.84,0.57,-0.37,1,-2.88877029754618
-0.15,0.02,-0.43,1,0.581329837873832
0.23,-0.11,0.56,0,-1.493786756495
-0.03,0.46,-0.23,1,1.29393231689751
0.98,-0.98,-0.89,0,-0.87169312008645
-0.8,0.75,0.71,0,-2.59468645782021
-0.71,0.62,-0.63,1,0.0517641257953123
-0.27,0.5,0.49,1,-0.129222721356367
-0.33,-0.43,0.03,0,-2.10531282870499
0.4,0.09,0.63,1,0.494681813357051
0.37,0.87,-0.91,1,-1.30676634588379
0.19,0.39,0.43,1,1.06154685845996
0.13,0.25,0.45,1,1.08893938568366
-0.74,-0.64,0.45,0,-2.66555157557885
-0.74,-0.38,0.89,0,-0.906519463079
0.1,0.04,-0.07,0,-1.07507020674575
0.17,-0.59,-0.91,0,-0.264772646214882
-0.58,0.98,0.84,1,-0.150968360320365
-0.27,0.15,0.86,1,0.202983307848677
0.21,-0.4,-0.13,0,-1.31870636054902
-0.68,-0.77,-0.74,0,-2.25743555421421
0.49,0.02,0.38,0,-0.898818137627699
0.7,0.48,-0.77,1,1.51788650363773
0.57,0.35,-0.02,0,1.59302356223174
0.91,0.42,-0.77,1,1.37582638608817
0.46,0.1,-0.9,0,0.0768807556444503
-0.87,0.15,0.11,1,-1.09698187894445
-0.08,-0.23,0.77,0,-0.245540012103158
0.75,0.7,-0.31,1,1.80441869162857
-0.28,-0.96,-0.46,0,-1.1362781950283
0.19,-0.67,-0.05,0,0.674694519356422
-0.47,0.67,0.14,1,-1.45656003389877
0.41,-0.65,-0.23,0,-1.85978486118361
0.85,-0.03,0.98,0,-0.561539781757309
